"position","const","created","modified","description","Title","Title type","Directors","IMDb Rating","Runtime (mins)","Year","Genres","Num. Votes","Release Date (month/day/year)","URL"
"1","tt2024544","Thu Jan 16 10:17:22 2014","Thu Sep 18 15:14:09 2014","&#9733 2014 Best Picture Winner &#9733","12 Years a Slave","Feature Film","Steve McQueen","8.2","134","2013","biography, drama, history","267027","2013-08-30","http://www.imdb.com/title/tt2024544/"
"2","tt1800241","Thu Jan 16 10:16:05 2014","Thu Jan 16 10:16:05 2014","","American Hustle","Feature Film","David O. Russell","7.4","138","2013","crime, drama","258754","2013-12-12","http://www.imdb.com/title/tt1800241/"
"3","tt1535109","Thu Jan 16 10:16:16 2014","Thu Jan 16 10:16:16 2014","","Captain Phillips","Feature Film","Paul Greengrass","7.9","134","2013","biography, drama, thriller","247194","2013-09-27","http://www.imdb.com/title/tt1535109/"
"4","tt0790636","Thu Jan 16 10:16:25 2014","Thu Jan 16 10:16:25 2014","","Dallas Buyers Club","Feature Film","Jean-Marc Vallée","8.0","117","2013","biography, drama","214832","2013-09-07","http://www.imdb.com/title/tt0790636/"
"5","tt1454468","Thu Jan 16 10:16:33 2014","Thu Jan 16 10:16:33 2014","","Gravity","Feature Film","Alfonso Cuarón","8.0","91","2013","sci_fi, thriller","435997","2013-08-28","http://www.imdb.com/title/tt1454468/"
"6","tt1798709","Thu Jan 16 10:16:51 2014","Thu Jan 16 10:16:51 2014","","Her","Feature Film","Spike Jonze","8.1","126","2013","drama, romance, sci_fi","223011","2013-10-12","http://www.imdb.com/title/tt1798709/"
"7","tt1821549","Thu Jan 16 10:17:06 2014","Thu Jan 16 10:17:06 2014","","Nebraska","Feature Film","Alexander Payne","7.8","115","2013","comedy, drama","64533","2013-05-23","http://www.imdb.com/title/tt1821549/"
"8","tt2431286","Thu Jan 16 10:17:14 2014","Thu Jan 16 10:17:14 2014","","Philomena","Feature Film","Stephen Frears","7.7","98","2013","biography, drama","53691","2013-08-31","http://www.imdb.com/title/tt2431286/"
"9","tt0993846","Thu Jan 16 10:17:41 2014","Thu Jan 16 10:17:41 2014","","The Wolf of Wall Street","Feature Film","Martin Scorsese","8.3","180","2013","biography, comedy, crime, drama","454350","2013-12-17","http://www.imdb.com/title/tt0993846/"
"10","tt1024648","Thu Jan 10 07:15:34 2013","Thu Sep 18 15:14:14 2014","&#9733 2013 Best Picture Winner &#9733","Argo","Feature Film","Ben Affleck","7.8","120","2012","drama, thriller","347816","2012-08-31","http://www.imdb.com/title/tt1024648/"
"11","tt2125435","Thu Jan 10 07:15:42 2013","Thu Jan 10 07:15:42 2013","","Beasts of the Southern Wild","Feature Film","Benh Zeitlin","7.3","93","2012","drama, fantasy","60253","2012-01-20","http://www.imdb.com/title/tt2125435/"
"12","tt1790885","Thu Jan 10 07:16:31 2013","Thu Jan 10 07:16:31 2013","","Zero Dark Thirty","Feature Film","Kathryn Bigelow","7.4","157","2012","drama, history, thriller","178310","2012-12-19","http://www.imdb.com/title/tt1790885/"
"13","tt1602620","Thu Jan 10 07:16:49 2013","Thu Jan 10 07:16:49 2013","","Amour","Feature Film","Michael Haneke","7.8","127","2012","drama, romance","57856","2012-05-20","http://www.imdb.com/title/tt1602620/"
"14","tt1045658","Thu Jan 10 07:16:22 2013","Thu Jan 10 07:16:22 2013","","Silver Linings Playbook","Feature Film","David O. Russell","7.9","122","2012","comedy, drama, romance","412436","2012-09-08","http://www.imdb.com/title/tt1045658/"
"15","tt0443272","Thu Jan 10 07:16:14 2013","Thu Jan 10 07:16:14 2013","","Lincoln","Feature Film","Steven Spielberg","7.4","150","2012","biography, drama, history, war","163383","2012-10-08","http://www.imdb.com/title/tt0443272/"
"16","tt0454876","Thu Jan 10 07:16:08 2013","Thu Jan 10 07:16:08 2013","","Life of Pi","Feature Film","Ang Lee","8.0","127","2012","adventure, drama","331569","2012-09-28","http://www.imdb.com/title/tt0454876/"
"17","tt1707386","Thu Jan 10 07:15:59 2013","Thu Jan 10 07:15:59 2013","","Les Misérables","Feature Film","Tom Hooper","7.7","158","2012","drama, musical, romance","197746","2012-12-05","http://www.imdb.com/title/tt1707386/"
"18","tt1853728","Thu Jan 10 07:15:49 2013","Thu Jan 10 07:15:49 2013","","Django Unchained","Feature Film","Quentin Tarantino","8.5","165","2012","western","662881","2012-12-25","http://www.imdb.com/title/tt1853728/"
"19","tt1655442","Thu Jul 19 13:52:47 2012","Thu Jul 19 14:01:46 2012","&#9733 2012 Best Picture Winner &#9733","The Artist","Feature Film","Michel Hazanavicius","8.0","100","2011","comedy, drama, romance","158972","2011-05-15","http://www.imdb.com/title/tt1655442/"
"20","tt0478304","Thu Jul 19 13:52:55 2012","Thu Jul 19 13:52:55 2012","","The Tree of Life","Feature Film","Terrence Malick","6.7","139","2011","drama, fantasy","115700","2011-05-16","http://www.imdb.com/title/tt0478304/"
"21","tt1033575","Thu Jul 19 13:53:06 2012","Thu Jul 19 13:53:06 2012","","The Descendants","Feature Film","Alexander Payne","7.4","115","2011","comedy, drama","179880","2011-09-02","http://www.imdb.com/title/tt1033575/"
"22","tt0477302","Thu Jul 19 13:53:13 2012","Thu Jul 19 13:53:13 2012","","Extremely Loud & Incredibly Close","Feature Film","Stephen Daldry","6.9","129","2011","adventure, drama, mystery","68307","2011-12-25","http://www.imdb.com/title/tt0477302/"
"23","tt1454029","Thu Jul 19 13:53:27 2012","Thu Jul 19 13:53:27 2012","","The Help","Feature Film","Tate Taylor","8.1","146","2011","drama","251238","2011-08-09","http://www.imdb.com/title/tt1454029/"
"24","tt0970179","Thu Jul 19 13:53:40 2012","Thu Jul 19 13:53:40 2012","","Hugo","Feature Film","Martin Scorsese","7.6","126","2011","adventure, drama, family, mystery","206102","2011-10-10","http://www.imdb.com/title/tt0970179/"
"25","tt1605783","Thu Jul 19 13:53:50 2012","Thu Jul 19 13:53:50 2012","","Midnight in Paris","Feature Film","Woody Allen","7.7","94","2011","comedy, romance","246111","2011-05-11","http://www.imdb.com/title/tt1605783/"
"26","tt1210166","Thu Jul 19 13:54:02 2012","Thu Jul 19 13:54:02 2012","","Moneyball","Feature Film","Bennett Miller","7.6","133","2011","biography, drama, sport","243141","2011-09-09","http://www.imdb.com/title/tt1210166/"
"27","tt1568911","Thu Jul 19 13:54:17 2012","Thu Jul 19 13:54:17 2012","","War Horse","Feature Film","Steven Spielberg","7.2","146","2011","drama, war","95669","2011-12-04","http://www.imdb.com/title/tt1568911/"
"28","tt1504320","Thu Jul 19 13:54:27 2012","Thu Jul 19 14:01:43 2012","&#9733 2011 Best Picture Winner &#9733","The King's Speech","Feature Film","Tom Hooper","8.1","118","2010","biography, drama, history","366331","2010-09-06","http://www.imdb.com/title/tt1504320/"
"29","tt1542344","Thu Jul 19 13:54:32 2012","Thu Jul 19 13:54:32 2012","","127 Hours","Feature Film","Danny Boyle","7.7","94","2010","adventure, biography, drama, thriller","228146","2010-09-04","http://www.imdb.com/title/tt1542344/"
"30","tt0947798","Thu Jul 19 13:54:42 2012","Thu Jul 19 13:54:42 2012","","Black Swan","Feature Film","Darren Aronofsky","8.0","108","2010","drama, mystery, thriller","452672","2010-09-01","http://www.imdb.com/title/tt0947798/"
"31","tt0964517","Thu Jul 19 13:54:51 2012","Thu Jul 19 13:54:51 2012","","The Fighter","Feature Film","David O. Russell","7.9","116","2010","biography, drama, sport","221855","2010-12-10","http://www.imdb.com/title/tt0964517/"
"32","tt1375666","Thu Jul 19 13:54:58 2012","Thu Jul 19 13:54:58 2012","","Inception","Feature Film","Christopher Nolan","8.8","148","2010","action, sci_fi, thriller","1061308","2010-07-08","http://www.imdb.com/title/tt1375666/"
"33","tt0842926","Thu Jul 19 13:55:23 2012","Thu Jul 19 13:55:23 2012","","The Kids Are All Right","Feature Film","Lisa Cholodenko","7.1","106","2010","comedy, drama","97781","2010-01-25","http://www.imdb.com/title/tt0842926/"
"34","tt1285016","Thu Jul 19 13:55:35 2012","Thu Jul 19 13:55:35 2012","","The Social Network","Feature Film","David Fincher","7.8","120","2010","biography, drama","368406","2010-09-24","http://www.imdb.com/title/tt1285016/"
"35","tt0435761","Thu Jul 19 13:55:46 2012","Thu Jul 19 13:55:46 2012","","Toy Story 3","Feature Film","Lee Unkrich","8.4","103","2010","animation, adventure, comedy, family, fantasy","398954","2010-06-12","http://www.imdb.com/title/tt0435761/"
"36","tt1403865","Thu Jul 19 13:55:54 2012","Thu Jul 19 13:55:54 2012","","True Grit","Feature Film","Ethan Coen, Joel Coen","7.7","110","2010","adventure, drama, western","200067","2010-12-14","http://www.imdb.com/title/tt1403865/"
"37","tt0887912","Thu Jul 19 16:44:05 2012","Thu Jul 19 16:47:33 2012","&#9733 2010 Best Picture Winner &#9733","The Hurt Locker","Feature Film","Kathryn Bigelow","7.6","131","2008","drama, thriller, war","261032","2008-09-04","http://www.imdb.com/title/tt0887912/"
"38","tt1019452","Thu Jul 19 16:44:14 2012","Thu Jul 19 16:44:14 2012","","A Serious Man","Feature Film","Ethan Coen, Joel Coen","7.0","106","2009","comedy, drama","85635","2009-09-12","http://www.imdb.com/title/tt1019452/"
"39","tt1174732","Thu Jul 19 16:44:21 2012","Thu Jul 19 16:44:21 2012","","An Education","Feature Film","Lone Scherfig","7.3","100","2009","drama","98672","2009-01-18","http://www.imdb.com/title/tt1174732/"
"40","tt0499549","Thu Jul 19 16:44:27 2012","Thu Jul 19 16:44:27 2012","","Avatar","Feature Film","James Cameron","7.9","162","2009","action, adventure, fantasy, sci_fi","712023","2009-12-10","http://www.imdb.com/title/tt0499549/"
"41","tt1136608","Thu Jul 19 16:44:35 2012","Thu Jul 19 16:44:35 2012","","District 9","Feature Film","Neill Blomkamp","8.0","112","2009","action, sci_fi, thriller","446227","2009-08-13","http://www.imdb.com/title/tt1136608/"
"42","tt0361748","Thu Jul 19 16:44:49 2012","Thu Jul 19 16:44:49 2012","","Inglourious Basterds","Feature Film","Quentin Tarantino","8.3","153","2009","adventure, drama, war","632484","2009-05-20","http://www.imdb.com/title/tt0361748/"
"43","tt0929632","Thu Jul 19 16:44:58 2012","Thu Jul 19 16:44:58 2012","","Precious","Feature Film","Lee Daniels","7.4","110","2009","drama","71545","2009-01-16","http://www.imdb.com/title/tt0929632/"
"44","tt0878804","Thu Jul 19 16:45:08 2012","Thu Jul 19 16:45:08 2012","","The Blind Side","Feature Film","John Lee Hancock","7.7","129","2009","biography, drama, sport","174269","2009-11-17","http://www.imdb.com/title/tt0878804/"
"45","tt1049413","Thu Jul 19 16:45:15 2012","Thu Jul 19 16:45:15 2012","","Up","Feature Film","Pete Docter, Bob Peterson","8.3","96","2009","animation, adventure, drama, family","478036","2009-05-13","http://www.imdb.com/title/tt1049413/"
"46","tt1193138","Thu Jul 19 16:45:25 2012","Thu Jul 19 16:45:25 2012","","Up in the Air","Feature Film","Jason Reitman","7.5","109","2009","drama, romance","236484","2009-09-05","http://www.imdb.com/title/tt1193138/"
"47","tt1010048","Thu Jul 19 16:47:42 2012","Thu Jul 19 16:47:51 2012","&#9733 2009 Best Picture Winner &#9733","Slumdog Millionaire","Feature Film","Danny Boyle, Loveleen Tandan","8.0","120","2008","drama, romance","522201","2008-08-30","http://www.imdb.com/title/tt1010048/"
"48","tt0421715","Thu Jul 19 16:48:05 2012","Thu Jul 19 16:48:05 2012","","The Curious Case of Benjamin Button","Feature Film","David Fincher","7.8","166","2008","drama, fantasy, romance","367284","2008-12-10","http://www.imdb.com/title/tt0421715/"
"49","tt0870111","Thu Jul 19 16:48:14 2012","Thu Jul 19 16:48:14 2012","","Frost/Nixon","Feature Film","Ron Howard","7.7","122","2008","drama, history","80730","2008-10-15","http://www.imdb.com/title/tt0870111/"
"50","tt1013753","Thu Jul 19 16:48:25 2012","Thu Jul 19 16:48:25 2012","","Milk","Feature Film","Gus Van Sant","7.7","128","2008","biography, drama, history","115915","2008-10-28","http://www.imdb.com/title/tt1013753/"
"51","tt0976051","Thu Jul 19 16:48:32 2012","Thu Jul 19 16:48:32 2012","","The Reader","Feature Film","Stephen Daldry","7.6","124","2008","drama, romance","162135","2008-12-10","http://www.imdb.com/title/tt0976051/"
"52","tt0477348","Thu Jul 19 16:48:44 2012","Thu Jul 19 16:48:52 2012","&#9733 2008 Best Picture Winner &#9733","No Country for Old Men","Feature Film","Ethan Coen, Joel Coen","8.2","122","2007","crime, drama, thriller","474712","2007-05-19","http://www.imdb.com/title/tt0477348/"
"53","tt0783233","Thu Jul 19 16:49:03 2012","Thu Jul 19 16:49:03 2012","","Atonement","Feature Film","Joe Wright","7.8","123","2007","drama, mystery, romance, war","162383","2007-08-28","http://www.imdb.com/title/tt0783233/"
"54","tt0467406","Thu Jul 19 16:49:25 2012","Thu Jul 19 16:49:25 2012","","Juno","Feature Film","Jason Reitman","7.6","96","2007","comedy, drama, romance","346726","2007-09-01","http://www.imdb.com/title/tt0467406/"
"55","tt0465538","Thu Jul 19 16:49:35 2012","Thu Jul 19 16:49:35 2012","","Michael Clayton","Feature Film","Tony Gilroy","7.3","119","2007","crime, drama, mystery, thriller","118374","2007-08-31","http://www.imdb.com/title/tt0465538/"
"56","tt0469494","Thu Jul 19 16:49:45 2012","Thu Jul 19 16:49:45 2012","","There Will Be Blood","Feature Film","Paul Thomas Anderson","8.1","158","2007","drama","295143","2007-09-27","http://www.imdb.com/title/tt0469494/"
"57","tt0407887","Thu Jul 19 16:49:53 2012","Thu Jul 19 17:07:48 2012","&#9733 2007 Best Picture Winner &#9733","The Departed","Feature Film","Martin Scorsese","8.5","151","2006","crime, drama, thriller","661495","2006-09-26","http://www.imdb.com/title/tt0407887/"
"58","tt0449467","Thu Jul 19 17:07:55 2012","Thu Jul 19 17:07:55 2012","","Babel","Feature Film","Alejandro González Iñárritu","7.5","143","2006","drama","210908","2006-05-23","http://www.imdb.com/title/tt0449467/"
"59","tt0498380","Thu Jul 19 17:08:02 2012","Thu Jul 19 17:08:02 2012","","Letters from Iwo Jima","Feature Film","Clint Eastwood","8.0","141","2006","drama, history, war","118235","2006-11-15","http://www.imdb.com/title/tt0498380/"
"60","tt0449059","Thu Jul 19 17:08:09 2012","Thu Jul 19 17:08:09 2012","","Little Miss Sunshine","Feature Film","Jonathan Dayton, Valerie Faris","7.9","101","2006","adventure, comedy, drama","296146","2006-01-20","http://www.imdb.com/title/tt0449059/"
"61","tt0436697","Thu Jul 19 17:08:19 2012","Thu Jul 19 17:08:19 2012","","The Queen","Feature Film","Stephen Frears","7.4","103","2006","biography, drama","72624","2006-09-02","http://www.imdb.com/title/tt0436697/"
"62","tt0375679","Thu Jul 19 17:08:33 2012","Thu Jul 19 17:09:58 2012","&#9733 2006 Best Picture Winner &#9733","Crash","Feature Film","Paul Haggis","7.9","112","2004","drama","319445","2004-09-10","http://www.imdb.com/title/tt0375679/"
"63","tt0388795","Thu Jul 19 17:08:38 2012","Thu Jul 19 17:08:38 2012","","Brokeback Mountain","Feature Film","Ang Lee","7.7","134","2005","drama, romance","223256","2005-09-02","http://www.imdb.com/title/tt0388795/"
"64","tt0379725","Thu Jul 19 17:08:42 2012","Thu Jul 19 17:08:42 2012","","Capote","Feature Film","Bennett Miller","7.4","114","2005","biography, crime, drama","82702","2005-09-02","http://www.imdb.com/title/tt0379725/"
"65","tt0433383","Thu Jul 19 17:08:53 2012","Thu Jul 19 17:08:53 2012","","Good Night, and Good Luck.","Feature Film","George Clooney","7.6","93","2005","drama","77318","2005-09-01","http://www.imdb.com/title/tt0433383/"
"66","tt0408306","Thu Jul 19 17:08:59 2012","Thu Jul 19 17:08:59 2012","","Munich","Feature Film","Steven Spielberg","7.6","164","2005","drama, history, thriller","155832","2005-12-23","http://www.imdb.com/title/tt0408306/"
"67","tt0405159","Thu Jul 19 17:09:09 2012","Thu Jul 19 17:23:18 2012","&#9733 2005 Best Picture Winner &#9733","Million Dollar Baby","Feature Film","Clint Eastwood","8.1","132","2004","drama, sport","368259","2004-12-15","http://www.imdb.com/title/tt0405159/"
"68","tt0338751","Thu Jul 19 17:09:13 2012","Thu Jul 19 17:09:13 2012","","The Aviator","Feature Film","Martin Scorsese","7.5","170","2004","biography, drama","214312","2004-12-14","http://www.imdb.com/title/tt0338751/"
"69","tt0308644","Thu Jul 19 17:09:20 2012","Thu Jul 19 17:09:20 2012","","Finding Neverland","Feature Film","Marc Forster","7.8","106","2004","biography, drama, family","157182","2004-09-04","http://www.imdb.com/title/tt0308644/"
"70","tt0350258","Thu Jul 19 17:09:31 2012","Thu Jul 19 17:09:31 2012","","Ray","Feature Film","Taylor Hackford","7.8","152","2004","biography, drama, music","91196","2004-09-12","http://www.imdb.com/title/tt0350258/"
"71","tt0375063","Thu Jul 19 17:09:39 2012","Thu Jul 19 17:09:39 2012","","Sideways","Feature Film","Alexander Payne","7.6","126","2004","comedy, drama, romance","131625","2004-09-13","http://www.imdb.com/title/tt0375063/"
"72","tt0167260","Thu Jul 19 17:19:07 2012","Thu Jul 19 17:22:22 2012","&#9733 2004 Best Picture Winner &#9733","The Lord of the Rings: The Return of the King","Feature Film","Peter Jackson","8.9","201","2003","adventure, fantasy","931060","2003-12-01","http://www.imdb.com/title/tt0167260/"
"73","tt0335266","Thu Jul 19 17:19:18 2012","Thu Jul 19 17:19:18 2012","","Lost in Translation","Feature Film","Sofia Coppola","7.8","101","2003","drama","274419","2003-08-29","http://www.imdb.com/title/tt0335266/"
"74","tt0311113","Thu Jul 19 17:19:27 2012","Thu Jul 19 17:19:27 2012","","Master and Commander: The Far Side of the World","Feature Film","Peter Weir","7.4","138","2003","action, adventure, drama, war","148426","2003-11-14","http://www.imdb.com/title/tt0311113/"
"75","tt0327056","Thu Jul 19 17:19:35 2012","Thu Jul 19 17:19:35 2012","","Mystic River","Feature Film","Clint Eastwood","8.0","138","2003","crime, drama, mystery, thriller","292842","2003-05-23","http://www.imdb.com/title/tt0327056/"
"76","tt0329575","Thu Jul 19 17:19:41 2012","Thu Jul 19 17:19:41 2012","","Seabiscuit","Feature Film","Gary Ross","7.3","140","2003","drama, history, sport","52726","2003-07-22","http://www.imdb.com/title/tt0329575/"
"77","tt0299658","Thu Jul 19 17:19:53 2012","Thu Jul 19 17:22:31 2012","&#9733 2003 Best Picture Winner &#9733","Chicago","Feature Film","Rob Marshall","7.2","113","2002","comedy, crime, musical","147079","2002-12-10","http://www.imdb.com/title/tt0299658/"
"78","tt0217505","Thu Jul 19 17:20:00 2012","Thu Jul 19 17:20:00 2012","","Gangs of New York","Feature Film","Martin Scorsese","7.5","167","2002","crime, drama, history","254656","2002-12-09","http://www.imdb.com/title/tt0217505/"
"79","tt0274558","Thu Jul 19 17:20:08 2012","Thu Jul 19 17:20:08 2012","","The Hours","Feature Film","Stephen Daldry","7.6","114","2002","drama","88689","2002-12-18","http://www.imdb.com/title/tt0274558/"
"80","tt0167261","Thu Jul 19 17:20:13 2012","Thu Jul 19 17:20:13 2012","","The Lord of the Rings: The Two Towers","Feature Film","Peter Jackson","8.8","179","2002","adventure, fantasy","838316","2002-12-05","http://www.imdb.com/title/tt0167261/"
"81","tt0253474","Thu Jul 19 17:20:21 2012","Thu Jul 19 17:20:21 2012","","The Pianist","Feature Film","Roman Polanski","8.5","150","2002","biography, drama, war","369177","2002-05-24","http://www.imdb.com/title/tt0253474/"
"82","tt0268978","Thu Jul 19 17:20:28 2012","Thu Jul 19 17:22:41 2012","&#9733 2002 Best Picture Winner &#9733","A Beautiful Mind","Feature Film","Ron Howard","8.2","135","2001","biography, drama","441393","2001-12-13","http://www.imdb.com/title/tt0268978/"
"83","tt0280707","Thu Jul 19 17:20:35 2012","Thu Jul 19 17:20:35 2012","","Gosford Park","Feature Film","Robert Altman","7.3","137","2001","drama, mystery","58905","2001-11-07","http://www.imdb.com/title/tt0280707/"
"84","tt0247425","Thu Jul 19 17:20:41 2012","Thu Jul 19 17:20:41 2012","","In the Bedroom","Feature Film","Todd Field","7.5","130","2001","crime, drama","29564","2001-01-19","http://www.imdb.com/title/tt0247425/"
"85","tt0120737","Thu Jul 19 17:20:51 2012","Thu Jul 19 17:20:51 2012","","The Lord of the Rings: The Fellowship of the Ring","Feature Film","Peter Jackson","8.8","178","2001","adventure, fantasy","957113","2001-12-10","http://www.imdb.com/title/tt0120737/"
"86","tt0203009","Thu Jul 19 17:20:59 2012","Thu Jul 19 17:20:59 2012","","Moulin Rouge!","Feature Film","Baz Luhrmann","7.7","127","2001","drama, musical, romance","197350","2001-05-09","http://www.imdb.com/title/tt0203009/"
"87","tt0172495","Thu Jul 19 17:21:05 2012","Thu Jul 19 17:22:54 2012","&#9733 2001 Best Picture Winner &#9733","Gladiator","Feature Film","Ridley Scott","8.5","155","2000","action, drama","737107","2000-05-01","http://www.imdb.com/title/tt0172495/"
"88","tt0241303","Thu Jul 19 17:21:11 2012","Thu Jul 19 17:21:11 2012","","Chocolat","Feature Film","Lasse Hallström","7.3","121","2000","drama, romance","129907","2000-12-15","http://www.imdb.com/title/tt0241303/"
"89","tt0190332","Thu Jul 19 17:21:18 2012","Thu Jul 19 17:21:18 2012","","Crouching Tiger, Hidden Dragon","Feature Film","Ang Lee","7.9","120","2000","action, drama, romance","195351","2000-05-16","http://www.imdb.com/title/tt0190332/"
"90","tt0195685","Thu Jul 19 17:21:24 2012","Thu Jul 19 17:21:24 2012","","Erin Brockovich","Feature Film","Steven Soderbergh","7.3","131","2000","biography, drama","114924","2000-03-14","http://www.imdb.com/title/tt0195685/"
"91","tt0181865","Thu Jul 19 17:21:30 2012","Thu Jul 19 17:21:30 2012","","Traffic","Feature Film","Steven Soderbergh","7.7","147","2000","crime, drama, thriller","155185","2000-12-27","http://www.imdb.com/title/tt0181865/"
"92","tt0169547","Thu Jul 19 17:21:40 2012","Thu Jul 19 17:23:08 2012","&#9733 2000 Best Picture Winner &#9733","American Beauty","Feature Film","Sam Mendes","8.5","122","1999","drama","653986","1999-09-08","http://www.imdb.com/title/tt0169547/"
"93","tt0124315","Thu Jul 19 17:21:50 2012","Thu Jul 19 17:21:50 2012","","The Cider House Rules","Feature Film","Lasse Hallström","7.4","126","1999","drama, romance","71590","1999-09-07","http://www.imdb.com/title/tt0124315/"
"94","tt0120689","Thu Jul 19 17:21:55 2012","Thu Jul 19 17:21:55 2012","","The Green Mile","Feature Film","Frank Darabont","8.5","189","1999","crime, drama, fantasy, mystery","562687","1999-12-06","http://www.imdb.com/title/tt0120689/"
"95","tt0140352","Thu Jul 19 17:22:01 2012","Thu Jul 19 17:22:01 2012","","The Insider","Feature Film","Michael Mann","7.9","157","1999","biography, drama, thriller","117501","1999-10-28","http://www.imdb.com/title/tt0140352/"
"96","tt0167404","Thu Jul 19 17:22:06 2012","Thu Jul 19 17:22:06 2012","","The Sixth Sense","Feature Film","M. Night Shyamalan","8.2","107","1999","drama, mystery, thriller","561891","1999-08-02","http://www.imdb.com/title/tt0167404/"
"97","tt0138097","Thu Jul 19 17:30:01 2012","Thu Jul 19 17:43:56 2012","&#9733 1999 Best Picture Winner &#9733","Shakespeare in Love","Feature Film","John Madden","7.2","123","1998","comedy, drama, romance","150556","1998-12-03","http://www.imdb.com/title/tt0138097/"
"98","tt0127536","Thu Jul 19 17:30:21 2012","Thu Jul 19 17:30:21 2012","","Elizabeth","Feature Film","Shekhar Kapur","7.5","124","1998","biography, drama, history","67236","1998-09-08","http://www.imdb.com/title/tt0127536/"
"99","tt0118799","Thu Jul 19 17:30:28 2012","Thu Jul 19 17:30:28 2012","","Life Is Beautiful","Feature Film","Roberto Benigni","8.6","116","1997","comedy, drama, romance","301193","1997-12-20","http://www.imdb.com/title/tt0118799/"
"100","tt0120815","Thu Jul 19 17:30:35 2012","Thu Jul 19 17:30:35 2012","","Saving Private Ryan","Feature Film","Steven Spielberg","8.6","169","1998","action, drama, war","663184","1998-07-24","http://www.imdb.com/title/tt0120815/"
"101","tt0120863","Thu Jul 19 17:30:45 2012","Thu Jul 19 17:30:45 2012","","The Thin Red Line","Feature Film","Terrence Malick","7.6","170","1998","drama, war","120746","1998-12-23","http://www.imdb.com/title/tt0120863/"
"102","tt0120338","Thu Jul 19 17:30:52 2012","Thu Jul 19 17:44:08 2012","&#9733 1998 Best Picture Winner &#9733","Titanic","Feature Film","James Cameron","7.7","194","1997","drama, romance","615973","1997-11-01","http://www.imdb.com/title/tt0120338/"
"103","tt0119822","Thu Jul 19 17:31:00 2012","Thu Jul 19 17:31:00 2012","","As Good as It Gets","Feature Film","James L. Brooks","7.8","139","1997","comedy, drama, romance","201128","1997-12-19","http://www.imdb.com/title/tt0119822/"
"104","tt0119164","Thu Jul 19 17:31:07 2012","Thu Jul 19 17:31:07 2012","","The Full Monty","Feature Film","Peter Cattaneo","7.2","91","1997","comedy, drama, music","74235","1997-08-13","http://www.imdb.com/title/tt0119164/"
"105","tt0119217","Thu Jul 19 17:31:13 2012","Thu Jul 19 17:31:13 2012","","Good Will Hunting","Feature Film","Gus Van Sant","8.2","126","1997","drama","465603","1997-12-02","http://www.imdb.com/title/tt0119217/"
"106","tt0119488","Thu Jul 19 17:31:22 2012","Thu Jul 19 17:31:22 2012","","L.A. Confidential","Feature Film","Curtis Hanson","8.3","138","1997","crime, drama, mystery, thriller","343033","1997-05-14","http://www.imdb.com/title/tt0119488/"
"107","tt0116209","Thu Jul 19 17:31:32 2012","Thu Jul 19 17:44:21 2012","&#9733 1997 Best Picture Winner &#9733","The English Patient","Feature Film","Anthony Minghella","7.4","162","1996","drama, romance, war","119244","1996-10","http://www.imdb.com/title/tt0116209/"
"108","tt0116282","Thu Jul 19 17:31:39 2012","Thu Jul 19 17:31:39 2012","","Fargo","Feature Film","Joel Coen","8.2","98","1996","crime, drama, thriller","346540","1996-03-08","http://www.imdb.com/title/tt0116282/"
"109","tt0116695","Thu Jul 19 17:31:46 2012","Thu Jul 19 17:31:46 2012","","Jerry Maguire","Feature Film","Cameron Crowe","7.3","139","1996","comedy, drama, romance, sport","158265","1996-12-06","http://www.imdb.com/title/tt0116695/"
"110","tt0117589","Thu Jul 19 17:31:56 2012","Thu Jul 19 17:31:56 2012","","Secrets & Lies","Feature Film","Mike Leigh","8.0","142","1996","drama","24404","1996-05-24","http://www.imdb.com/title/tt0117589/"
"111","tt0117631","Thu Jul 19 17:32:02 2012","Thu Jul 19 17:32:02 2012","","Shine","Feature Film","Scott Hicks","7.7","105","1996","biography, drama, music, romance","38574","1996-01-21","http://www.imdb.com/title/tt0117631/"
"112","tt0112573","Thu Jul 19 17:32:10 2012","Thu Jul 19 17:44:33 2012","&#9733 1996 Best Picture Winner &#9733","Braveheart","Feature Film","Mel Gibson","8.4","177","1995","action, biography, drama, history, war","572451","1995-05-18","http://www.imdb.com/title/tt0112573/"
"113","tt0112384","Thu Jul 19 17:32:18 2012","Thu Jul 19 17:32:18 2012","","Apollo 13","Feature Film","Ron Howard","7.6","140","1995","adventure, drama, history","175552","1995-06-22","http://www.imdb.com/title/tt0112384/"
"114","tt0112431","Thu Jul 19 17:32:24 2012","Thu Jul 19 17:32:24 2012","","Babe","Feature Film","Chris Noonan","6.9","89","1995","comedy, drama, family","81452","1995-08-04","http://www.imdb.com/title/tt0112431/"
"115","tt0110877","Thu Jul 19 17:32:31 2012","Thu Jul 19 17:32:31 2012","","Il Postino: The Postman","Feature Film","Michael Radford","7.8","108","1994","biography, comedy, drama, romance","22904","1994-09-01","http://www.imdb.com/title/tt0110877/"
"116","tt0114388","Thu Jul 19 17:32:43 2012","Thu Jul 19 17:32:43 2012","","Sense and Sensibility","Feature Film","Ang Lee","7.7","136","1995","drama, romance","65599","1995-12-13","http://www.imdb.com/title/tt0114388/"
"117","tt0109830","Thu Jul 19 17:32:53 2012","Thu Jul 19 17:44:47 2012","&#9733 1995 Best Picture Winner &#9733","Forrest Gump","Feature Film","Robert Zemeckis","8.8","142","1994","drama, romance","904111","1994-06-23","http://www.imdb.com/title/tt0109830/"
"118","tt0109831","Thu Jul 19 17:33:01 2012","Thu Jul 19 17:33:01 2012","","Four Weddings and a Funeral","Feature Film","Mike Newell","7.1","117","1994","comedy, drama, romance","93124","1994-03-09","http://www.imdb.com/title/tt0109831/"
"119","tt0110912","Thu Jul 19 17:33:08 2012","Thu Jul 19 17:33:08 2012","","Pulp Fiction","Feature Film","Quentin Tarantino","9.0","154","1994","crime, drama, thriller","1008620","1994-05-12","http://www.imdb.com/title/tt0110912/"
"120","tt0110932","Thu Jul 19 17:33:14 2012","Thu Jul 19 17:33:14 2012","","Quiz Show","Feature Film","Robert Redford","7.5","133","1994","drama, history","48501","1994-09-23","http://www.imdb.com/title/tt0110932/"
"121","tt0111161","Thu Jul 19 17:33:22 2012","Thu Jul 19 17:33:22 2012","","The Shawshank Redemption","Feature Film","Frank Darabont","9.3","142","1994","crime, drama","1307963","1994-09-10","http://www.imdb.com/title/tt0111161/"
"122","tt0108052","Thu Jul 19 17:33:30 2012","Thu Jul 19 17:45:47 2012","&#9733 1994 Best Picture Winner &#9733","Schindler's List","Feature Film","Steven Spielberg","8.9","195","1993","biography, drama, history","661291","1993-11-30","http://www.imdb.com/title/tt0108052/"
"123","tt0106977","Thu Jul 19 17:33:36 2012","Thu Jul 19 17:33:36 2012","","The Fugitive","Feature Film","Andrew Davis","7.8","130","1993","action, adventure, crime, mystery, thriller","185836","1993-08-06","http://www.imdb.com/title/tt0106977/"
"124","tt0107207","Thu Jul 19 17:33:44 2012","Thu Jul 19 17:33:44 2012","","In the Name of the Father","Feature Film","Jim Sheridan","8.1","133","1993","biography, drama, history","83464","1993-12-12","http://www.imdb.com/title/tt0107207/"
"125","tt0107822","Thu Jul 19 17:33:50 2012","Thu Jul 19 17:33:50 2012","","The Piano","Feature Film","Jane Campion","7.6","121","1993","drama, music, romance","56501","1993-05-15","http://www.imdb.com/title/tt0107822/"
"126","tt0107943","Thu Jul 19 17:34:01 2012","Thu Jul 19 17:34:01 2012","","The Remains of the Day","Feature Film","James Ivory","7.9","134","1993","drama, romance","39945","1993-11-05","http://www.imdb.com/title/tt0107943/"
"127","tt0105695","Thu Jul 19 17:34:06 2012","Thu Jul 19 17:45:58 2012","&#9733 1993 Best Picture Winner &#9733","Unforgiven","Feature Film","Clint Eastwood","8.3","131","1992","western","222874","1992-08-03","http://www.imdb.com/title/tt0105695/"
"128","tt0104036","Thu Jul 19 17:34:11 2012","Thu Jul 19 17:34:11 2012","","The Crying Game","Feature Film","Neil Jordan","7.3","112","1992","crime, drama, romance, thriller","36911","1992-09-02","http://www.imdb.com/title/tt0104036/"
"129","tt0104257","Thu Jul 19 17:34:15 2012","Thu Jul 19 17:34:15 2012","","A Few Good Men","Feature Film","Rob Reiner","7.6","138","1992","crime, drama, mystery, thriller","155561","1992-12-09","http://www.imdb.com/title/tt0104257/"
"130","tt0104454","Thu Jul 19 17:34:21 2012","Thu Jul 19 17:34:21 2012","","Howards End","Feature Film","James Ivory","7.5","140","1992","drama, romance","18912","1992-03-13","http://www.imdb.com/title/tt0104454/"
"131","tt0105323","Thu Jul 19 17:34:32 2012","Thu Jul 19 17:34:32 2012","","Scent of a Woman","Feature Film","Martin Brest","8.0","156","1992","drama","165141","1992-12-23","http://www.imdb.com/title/tt0105323/"
"132","tt0102926","Thu Jul 19 17:34:59 2012","Thu Jul 19 17:46:15 2012","&#9733 1992 Best Picture Winner &#9733","The Silence of the Lambs","Feature Film","Jonathan Demme","8.6","118","1991","crime, drama, thriller","653663","1991-01-30","http://www.imdb.com/title/tt0102926/"
"133","tt0101414","Thu Jul 19 17:35:11 2012","Thu Jul 19 17:35:11 2012","","Beauty and the Beast","Feature Film","Gary Trousdale, Kirk Wise","8.1","84","1991","animation, family, fantasy, musical, romance","232200","1991-09-29","http://www.imdb.com/title/tt0101414/"
"134","tt0101516","Thu Jul 19 17:35:16 2012","Thu Jul 19 17:35:16 2012","","Bugsy","Feature Film","Barry Levinson","6.8","136","1991","biography, crime, drama, history","19160","1991-12-10","http://www.imdb.com/title/tt0101516/"
"135","tt0102138","Thu Jul 19 17:35:21 2012","Thu Jul 19 17:35:21 2012","","JFK","Feature Film","Oliver Stone","8.0","189","1991","drama, history, thriller","99726","1991-12-20","http://www.imdb.com/title/tt0102138/"
"136","tt0102713","Thu Jul 19 17:35:28 2012","Thu Jul 19 17:35:28 2012","","The Prince of Tides","Feature Film","Barbra Streisand","6.7","132","1991","drama","11002","1991-12-25","http://www.imdb.com/title/tt0102713/"
"137","tt0099348","Thu Jul 19 17:35:36 2012","Thu Jul 19 17:46:25 2012","&#9733 1991 Best Picture Winner &#9733","Dances with Wolves","Feature Film","Kevin Costner","8.0","181","1990","adventure, drama, western","154035","1990-10-19","http://www.imdb.com/title/tt0099348/"
"138","tt0099077","Thu Jul 19 17:35:44 2012","Thu Jul 19 17:35:44 2012","","Awakenings","Feature Film","Penny Marshall","7.7","121","1990","biography, drama","77460","1990-12-12","http://www.imdb.com/title/tt0099077/"
"139","tt0099653","Thu Jul 19 17:35:48 2012","Thu Jul 19 17:35:48 2012","","Ghost","Feature Film","Jerry Zucker","7.0","127","1990","drama, fantasy, mystery, romance, thriller","132408","1990-07-13","http://www.imdb.com/title/tt0099653/"
"140","tt0099674","Thu Jul 19 17:35:57 2012","Thu Jul 19 17:35:57 2012","","The Godfather: Part III","Feature Film","Francis Ford Coppola","7.6","162","1990","crime, drama","203726","1990-12-20","http://www.imdb.com/title/tt0099674/"
"141","tt0099685","Thu Jul 19 17:36:03 2012","Thu Jul 19 17:36:03 2012","","Goodfellas","Feature Film","Martin Scorsese","8.7","146","1990","biography, crime, drama","566452","1990-09-12","http://www.imdb.com/title/tt0099685/"
"142","tt0097239","Thu Jul 19 17:36:12 2012","Thu Jul 19 17:46:33 2012","&#9733 1990 Best Picture Winner &#9733","Driving Miss Daisy","Feature Film","Bruce Beresford","7.4","99","1989","comedy, drama","57210","1989-12-13","http://www.imdb.com/title/tt0097239/"
"143","tt0096969","Thu Jul 19 17:36:18 2012","Thu Jul 19 17:36:18 2012","","Born on the Fourth of July","Feature Film","Oliver Stone","7.2","145","1989","biography, drama, war","65499","1989-12-20","http://www.imdb.com/title/tt0096969/"
"144","tt0097165","Thu Jul 19 17:36:24 2012","Thu Jul 19 17:36:24 2012","","Dead Poets Society","Feature Film","Peter Weir","8.0","128","1989","drama","232841","1989-06-02","http://www.imdb.com/title/tt0097165/"
"145","tt0097351","Thu Jul 19 17:36:31 2012","Thu Jul 19 17:36:31 2012","","Field of Dreams","Feature Film","Phil Alden Robinson","7.6","107","1989","drama, family, fantasy, sport","75696","1989-04-21","http://www.imdb.com/title/tt0097351/"
"146","tt0097937","Thu Jul 19 17:36:38 2012","Thu Jul 19 17:36:38 2012","","My Left Foot","Feature Film","Jim Sheridan","7.9","103","1989","biography, drama","41562","1989-02-24","http://www.imdb.com/title/tt0097937/"
"147","tt0095953","Thu Jul 19 17:36:46 2012","Thu Jul 19 17:46:45 2012","&#9733 1989 Best Picture Winner &#9733","Rain Man","Feature Film","Barry Levinson","8.0","133","1988","drama","333872","1988-12-12","http://www.imdb.com/title/tt0095953/"
"148","tt0094606","Thu Jul 19 17:51:30 2012","Thu Jul 19 17:51:30 2012","","The Accidental Tourist","Feature Film","Lawrence Kasdan","6.8","121","1988","drama, romance","10991","1988-12-23","http://www.imdb.com/title/tt0094606/"
"149","tt0094947","Thu Jul 19 17:37:03 2012","Thu Jul 19 17:37:03 2012","","Dangerous Liaisons","Feature Film","Stephen Frears","7.7","119","1988","drama, romance","47135","1988-12-16","http://www.imdb.com/title/tt0094947/"
"150","tt0095647","Thu Jul 19 17:37:10 2012","Thu Jul 19 17:37:10 2012","","Mississippi Burning","Feature Film","Alan Parker","7.8","128","1988","crime, drama, mystery, thriller","56592","1988-12-09","http://www.imdb.com/title/tt0095647/"
"151","tt0096463","Thu Jul 19 17:37:16 2012","Thu Jul 19 17:37:16 2012","","Working Girl","Feature Film","Mike Nichols","6.7","113","1988","comedy, drama, romance","35058","1988-12-20","http://www.imdb.com/title/tt0096463/"
"152","tt0093389","Thu Jul 19 17:37:25 2012","Thu Jul 19 17:47:02 2012","&#9733 1988 Best Picture Winner &#9733","The Last Emperor","Feature Film","Bernardo Bertolucci","7.8","163","1987","biography, drama, history","58233","1987-10-04","http://www.imdb.com/title/tt0093389/"
"153","tt0092699","Thu Jul 19 17:37:32 2012","Thu Jul 19 17:37:32 2012","","Broadcast News","Feature Film","James L. Brooks","7.2","133","1987","comedy, drama, romance","18633","1987-12-16","http://www.imdb.com/title/tt0092699/"
"154","tt0093010","Thu Jul 19 17:37:42 2012","Thu Jul 19 17:37:42 2012","","Fatal Attraction","Feature Film","Adrian Lyne","6.9","119","1987","drama, horror, romance, thriller","45622","1987-09-11","http://www.imdb.com/title/tt0093010/"
"155","tt0093209","Thu Jul 19 17:37:49 2012","Thu Jul 19 17:37:49 2012","","Hope and Glory","Feature Film","John Boorman","7.4","113","1987","comedy, drama","8734","1987-09-03","http://www.imdb.com/title/tt0093209/"
"156","tt0093565","Thu Jul 19 17:37:53 2012","Thu Jul 19 17:37:53 2012","","Moonstruck","Feature Film","Norman Jewison","7.1","102","1987","comedy, drama, romance","30163","1987-12-16","http://www.imdb.com/title/tt0093565/"
"157","tt0091763","Thu Jul 19 17:38:01 2012","Thu Jul 19 17:47:16 2012","&#9733 1987 Best Picture Winner &#9733","Platoon","Feature Film","Oliver Stone","8.2","120","1986","drama, war","235128","1986-12-19","http://www.imdb.com/title/tt0091763/"
"158","tt0090830","Thu Jul 19 17:38:11 2012","Thu Jul 19 17:38:11 2012","","Children of a Lesser God","Feature Film","Randa Haines","7.2","119","1986","drama, romance","10189","1986-09-13","http://www.imdb.com/title/tt0090830/"
"159","tt0091167","Thu Jul 19 17:38:19 2012","Thu Jul 19 17:38:19 2012","","Hannah and Her Sisters","Feature Film","Woody Allen","8.0","103","1986","comedy, drama","44466","1986-02-07","http://www.imdb.com/title/tt0091167/"
"160","tt0091530","Thu Jul 19 17:38:25 2012","Thu Jul 19 17:38:25 2012","","The Mission","Feature Film","Roland Joffé","7.5","125","1986","adventure, drama, history","38308","1986-05-16","http://www.imdb.com/title/tt0091530/"
"161","tt0091867","Thu Jul 19 17:38:32 2012","Thu Jul 19 17:38:32 2012","","A Room with a View","Feature Film","James Ivory","7.4","117","1985","drama, romance","24990","1985-12-13","http://www.imdb.com/title/tt0091867/"
"162","tt0089755","Thu Jul 19 17:38:43 2012","Thu Jul 19 17:47:25 2012","&#9733 1986 Best Picture Winner &#9733","Out of Africa","Feature Film","Sydney Pollack","7.2","161","1985","biography, drama, romance","41869","1985-12-10","http://www.imdb.com/title/tt0089755/"
"163","tt0088939","Thu Jul 19 17:38:51 2012","Thu Jul 19 17:38:51 2012","","The Color Purple","Feature Film","Steven Spielberg","7.8","154","1985","drama","52496","1985-12-16","http://www.imdb.com/title/tt0088939/"
"164","tt0089424","Thu Jul 19 17:39:01 2012","Thu Jul 19 17:39:01 2012","","Kiss of the Spider Woman","Feature Film","Hector Babenco","7.4","120","1985","drama","9153","1985-05-13","http://www.imdb.com/title/tt0089424/"
"165","tt0089841","Thu Jul 19 17:39:06 2012","Thu Jul 19 17:39:06 2012","","Prizzi's Honor","Feature Film","John Huston","6.8","130","1985","comedy, crime, drama, romance","16379","1985-06-13","http://www.imdb.com/title/tt0089841/"
"166","tt0090329","Thu Jul 19 17:39:18 2012","Thu Jul 19 17:39:18 2012","","Witness","Feature Film","Peter Weir","7.5","112","1985","crime, drama, romance, thriller","56947","1985-02-08","http://www.imdb.com/title/tt0090329/"
"167","tt0086879","Thu Jul 19 17:39:31 2012","Thu Jul 19 17:47:33 2012","&#9733 1985 Best Picture Winner &#9733","Amadeus","Feature Film","Milos Forman","8.4","160","1984","biography, drama, music","214400","1984-09-06","http://www.imdb.com/title/tt0086879/"
"168","tt0087553","Thu Jul 19 17:39:40 2012","Thu Jul 19 17:39:40 2012","","The Killing Fields","Feature Film","Roland Joffé","7.9","141","1984","drama, history, war","37882","1984-11-02","http://www.imdb.com/title/tt0087553/"
"169","tt0087892","Thu Jul 19 17:39:47 2012","Thu Jul 19 17:39:47 2012","","A Passage to India","Feature Film","David Lean","7.4","164","1984","adventure, drama, history","11147","1984-12-14","http://www.imdb.com/title/tt0087892/"
"170","tt0087921","Thu Jul 19 17:39:56 2012","Thu Jul 19 17:39:56 2012","","Places in the Heart","Feature Film","Robert Benton","7.4","111","1984","drama","6305","1984-09-11","http://www.imdb.com/title/tt0087921/"
"171","tt0088146","Thu Jul 19 17:40:05 2012","Thu Jul 19 17:40:05 2012","","A Soldier's Story","Feature Film","Norman Jewison","7.2","101","1984","crime, drama, mystery, war","5770","1984-09-13","http://www.imdb.com/title/tt0088146/"
"172","tt0086425","Thu Jul 19 17:40:14 2012","Thu Jul 19 17:47:43 2012","&#9733 1984 Best Picture Winner &#9733","Terms of Endearment","Feature Film","James L. Brooks","7.4","132","1983","comedy, drama","33475","1983-11-20","http://www.imdb.com/title/tt0086425/"
"173","tt0085244","Thu Jul 19 17:40:20 2012","Thu Jul 19 17:40:20 2012","","The Big Chill","Feature Film","Lawrence Kasdan","7.2","105","1983","comedy, drama","22455","1983-09-09","http://www.imdb.com/title/tt0085244/"
"174","tt0085461","Thu Jul 19 17:40:25 2012","Thu Jul 19 17:40:25 2012","","The Dresser","Feature Film","Peter Yates","7.6","118","1983","drama","3073","1983-12-06","http://www.imdb.com/title/tt0085461/"
"175","tt0086197","Thu Jul 19 17:40:33 2012","Thu Jul 19 17:40:33 2012","","The Right Stuff","Feature Film","Philip Kaufman","7.9","193","1983","adventure, drama, history","39685","1983-10-21","http://www.imdb.com/title/tt0086197/"
"176","tt0086423","Thu Jul 19 17:40:41 2012","Thu Jul 19 17:40:41 2012","","Tender Mercies","Feature Film","Bruce Beresford","7.5","92","1983","drama, music","6223","1983-03-04","http://www.imdb.com/title/tt0086423/"
"177","tt0083987","Thu Jul 19 17:40:45 2012","Thu Jul 19 17:48:03 2012","&#9733 1983 Best Picture Winner &#9733","Gandhi","Feature Film","Richard Attenborough","8.1","191","1982","biography, drama, history","133592","1982-11-30","http://www.imdb.com/title/tt0083987/"
"178","tt0083866","Thu Jul 19 17:40:50 2012","Thu Jul 19 17:40:50 2012","","E.T. the Extra-Terrestrial","Feature Film","Steven Spielberg","7.9","115","1982","adventure, family, fantasy, sci_fi","234485","1982-05-26","http://www.imdb.com/title/tt0083866/"
"179","tt0084335","Thu Jul 19 17:40:57 2012","Thu Jul 19 17:40:57 2012","","Missing","Feature Film","Costa-Gavras","7.8","122","1982","drama, history, mystery, thriller","11325","1982-02-12","http://www.imdb.com/title/tt0084335/"
"180","tt0084805","Thu Jul 19 17:41:02 2012","Thu Jul 19 17:41:02 2012","","Tootsie","Feature Film","Sydney Pollack","7.4","116","1982","comedy, drama, romance","67315","1982-12-01","http://www.imdb.com/title/tt0084805/"
"181","tt0084855","Thu Jul 19 17:41:09 2012","Thu Jul 19 17:41:09 2012","","The Verdict","Feature Film","Sidney Lumet","7.8","129","1982","drama","21855","1982-12-08","http://www.imdb.com/title/tt0084855/"
"182","tt0082158","Thu Jul 19 17:41:18 2012","Thu Jul 19 17:48:17 2012","&#9733 1982 Best Picture Winner &#9733","Chariots of Fire","Feature Film","Hugh Hudson","7.3","124","1981","drama, history, sport","32797","1981-03-30","http://www.imdb.com/title/tt0082158/"
"183","tt0080388","Thu Jul 19 17:41:27 2012","Thu Jul 19 17:41:27 2012","","Atlantic City","Feature Film","Louis Malle","7.4","104","1980","crime, drama, romance","9828","1980-09-02","http://www.imdb.com/title/tt0080388/"
"184","tt0082846","Thu Jul 19 17:41:35 2012","Thu Jul 19 17:41:35 2012","","On Golden Pond","Feature Film","Mark Rydell","7.7","109","1981","drama","18651","1981-12-04","http://www.imdb.com/title/tt0082846/"
"185","tt0082971","Thu Jul 19 17:41:44 2012","Thu Jul 19 17:41:44 2012","","Raiders of the Lost Ark","Feature Film","Steven Spielberg","8.6","115","1981","action, adventure","515832","1981-06-12","http://www.imdb.com/title/tt0082971/"
"186","tt0082979","Thu Jul 19 17:41:49 2012","Thu Jul 19 17:41:49 2012","","Reds","Feature Film","Warren Beatty","7.5","195","1981","biography, drama, history, romance","14293","1981-12-03","http://www.imdb.com/title/tt0082979/"
"187","tt0081283","Thu Jul 19 17:41:56 2012","Thu Jul 19 17:48:32 2012","&#9733 1981 Best Picture Winner &#9733","Ordinary People","Feature Film","Robert Redford","7.9","124","1980","drama","29636","1980-09-19","http://www.imdb.com/title/tt0081283/"
"188","tt0080549","Thu Jul 19 17:42:05 2012","Thu Jul 19 17:42:05 2012","","Coal Miner's Daughter","Feature Film","Michael Apted","7.5","124","1980","biography, drama, music","11256","1980-03-07","http://www.imdb.com/title/tt0080549/"
"189","tt0080678","Thu Jul 19 17:42:13 2012","Thu Jul 19 17:42:13 2012","","The Elephant Man","Feature Film","David Lynch","8.2","124","1980","biography, drama","130546","1980-10-03","http://www.imdb.com/title/tt0080678/"
"190","tt0081398","Thu Jul 19 17:42:21 2012","Thu Jul 19 17:42:21 2012","","Raging Bull","Feature Film","Martin Scorsese","8.3","129","1980","biography, drama, sport","187979","1980-11-14","http://www.imdb.com/title/tt0081398/"
"191","tt0080009","Thu Jul 19 17:42:26 2012","Thu Jul 19 17:42:26 2012","","Tess","Feature Film","Roman Polanski","7.3","186","1979","drama, romance","9189","1979-10-25","http://www.imdb.com/title/tt0080009/"
"192","tt0079417","Thu Jul 19 17:42:36 2012","Thu Jul 19 17:48:46 2012","&#9733 1980 Best Picture Winner &#9733","Kramer vs. Kramer","Feature Film","Robert Benton","7.8","105","1979","drama","80592","1979-12-19","http://www.imdb.com/title/tt0079417/"
"193","tt0078754","Thu Jul 19 17:42:43 2012","Thu Jul 19 17:42:43 2012","","All That Jazz","Feature Film","Bob Fosse","7.8","123","1979","drama, music, musical","16248","1979-12-20","http://www.imdb.com/title/tt0078754/"
"194","tt0078788","Thu Jul 19 17:42:49 2012","Thu Jul 19 17:42:49 2012","","Apocalypse Now","Feature Film","Francis Coppola","8.5","153","1979","drama, war","361302","1979-05-10","http://www.imdb.com/title/tt0078788/"
"195","tt0078902","Thu Jul 19 17:42:56 2012","Thu Jul 19 17:42:56 2012","","Breaking Away","Feature Film","Peter Yates","7.8","101","1979","comedy, drama, sport","15398","1979-07-13","http://www.imdb.com/title/tt0078902/"
"196","tt0079638","Thu Jul 19 17:43:04 2012","Thu Jul 19 17:43:04 2012","","Norma Rae","Feature Film","Martin Ritt","7.3","110","1979","drama","6331","1979-03-02","http://www.imdb.com/title/tt0079638/"
"197","tt0077416","Thu Jul 19 18:06:46 2012","Thu Jul 19 18:06:53 2012","&#9733 1979 Best Picture Winner &#9733","The Deer Hunter","Feature Film","Michael Cimino","8.2","182","1978","drama, war","188926","1978-12-08","http://www.imdb.com/title/tt0077416/"
"198","tt0077362","Thu Jul 19 18:07:01 2012","Thu Jul 19 18:07:01 2012","","Coming Home","Feature Film","Hal Ashby","7.4","127","1978","drama, romance, war","7744","1978-02-15","http://www.imdb.com/title/tt0077362/"
"199","tt0077663","Thu Jul 19 18:07:09 2012","Thu Jul 19 18:07:09 2012","","Heaven Can Wait","Feature Film","Warren Beatty, Buck Henry","6.9","101","1978","comedy, romance, sport","12309","1978-06-28","http://www.imdb.com/title/tt0077663/"
"200","tt0077928","Thu Jul 19 18:07:16 2012","Thu Jul 19 18:07:16 2012","","Midnight Express","Feature Film","Alan Parker","7.7","121","1978","biography, crime, drama","46394","1978-05-18","http://www.imdb.com/title/tt0077928/"
"201","tt0078444","Thu Jul 19 18:07:25 2012","Thu Jul 19 18:07:25 2012","","An Unmarried Woman","Feature Film","Paul Mazursky","7.1","124","1978","comedy, drama, romance","2647","1978-03-05","http://www.imdb.com/title/tt0078444/"
"202","tt0075686","Thu Jul 19 18:07:33 2012","Thu Jul 19 18:07:39 2012","&#9733 1978 Best Picture Winner &#9733","Annie Hall","Feature Film","Woody Allen","8.2","93","1977","comedy, drama, romance","151909","1977-04-20","http://www.imdb.com/title/tt0075686/"
"203","tt0076095","Thu Jul 19 18:07:49 2012","Thu Jul 19 18:07:49 2012","","The Goodbye Girl","Feature Film","Herbert Ross","7.4","111","1977","comedy, drama, romance","8249","1977-11-30","http://www.imdb.com/title/tt0076095/"
"204","tt0076245","Thu Jul 19 18:07:57 2012","Thu Jul 19 18:07:57 2012","","Julia","Feature Film","Fred Zinnemann","7.4","117","1977","drama","5471","1977-10-02","http://www.imdb.com/title/tt0076245/"
"205","tt0076759","Thu Jul 19 18:08:04 2012","Thu Jul 19 18:08:04 2012","","Star Wars","Feature Film","George Lucas","8.7","121","1977","action, adventure, fantasy, sci_fi","684819","1977-05-25","http://www.imdb.com/title/tt0076759/"
"206","tt0076843","Thu Jul 19 18:08:46 2012","Thu Jul 19 18:08:46 2012","","The Turning Point","Feature Film","Herbert Ross","7.0","119","1977","drama, romance","2649","1977-11-14","http://www.imdb.com/title/tt0076843/"
"207","tt0075148","Thu Jul 19 18:08:57 2012","Thu Jul 19 18:09:11 2012","&#9733 1977 Best Picture Winner &#9733","Rocky","Feature Film","John G. Avildsen","8.1","119","1976","drama, sport","272265","1976-11-21","http://www.imdb.com/title/tt0075148/"
"208","tt0074119","Thu Jul 19 18:09:23 2012","Thu Jul 19 18:09:23 2012","","All the President's Men","Feature Film","Alan J. Pakula","8.0","138","1976","drama, history, mystery, thriller","61258","1976-04-04","http://www.imdb.com/title/tt0074119/"
"209","tt0074235","Thu Jul 19 18:09:31 2012","Thu Jul 19 18:09:31 2012","","Bound for Glory","Feature Film","Hal Ashby","7.4","147","1976","biography, drama, music","3012","1976-12-05","http://www.imdb.com/title/tt0074235/"
"210","tt0074958","Thu Jul 19 18:09:39 2012","Thu Jul 19 18:09:39 2012","","Network","Feature Film","Sidney Lumet","8.2","121","1976","drama","81915","1976-11-14","http://www.imdb.com/title/tt0074958/"
"211","tt0075314","Thu Jul 19 18:09:50 2012","Thu Jul 19 18:09:50 2012","","Taxi Driver","Feature Film","Martin Scorsese","8.4","113","1976","crime, drama","388354","1976-02-08","http://www.imdb.com/title/tt0075314/"
"212","tt0073486","Thu Jul 19 18:09:56 2012","Thu Jul 19 18:10:02 2012","&#9733 1976 Best Picture Winner &#9733","One Flew Over the Cuckoo's Nest","Feature Film","Milos Forman","8.8","133","1975","drama","537888","1975-11-19","http://www.imdb.com/title/tt0073486/"
"213","tt0072684","Thu Jul 19 18:10:11 2012","Thu Jul 19 18:10:11 2012","","Barry Lyndon","Feature Film","Stanley Kubrick","8.1","184","1975","drama","80709","1975-12-18","http://www.imdb.com/title/tt0072684/"
"214","tt0072890","Thu Jul 19 18:10:18 2012","Thu Jul 19 18:10:18 2012","","Dog Day Afternoon","Feature Film","Sidney Lumet","8.1","125","1975","crime, drama","148818","1975-09-21","http://www.imdb.com/title/tt0072890/"
"215","tt0073195","Thu Jul 19 18:10:24 2012","Thu Jul 19 18:10:24 2012","","Jaws","Feature Film","Steven Spielberg","8.1","124","1975","drama, thriller","318180","1975-06-20","http://www.imdb.com/title/tt0073195/"
"216","tt0073440","Thu Jul 19 18:10:31 2012","Thu Jul 19 18:10:31 2012","","Nashville","Feature Film","Robert Altman","7.8","159","1975","drama, music","14744","1975-06-11","http://www.imdb.com/title/tt0073440/"
"217","tt0071562","Thu Jul 19 18:10:37 2012","Thu Jul 19 18:10:54 2012","&#9733 1975 Best Picture Winner &#9733","The Godfather: Part II","Feature Film","Francis Ford Coppola","9.1","200","1974","crime, drama","600683","1974-12-12","http://www.imdb.com/title/tt0071562/"
"218","tt0071315","Thu Jul 19 18:11:02 2012","Thu Jul 19 18:11:02 2012","","Chinatown","Feature Film","Roman Polanski","8.3","130","1974","drama, mystery, thriller","173491","1974-06-20","http://www.imdb.com/title/tt0071315/"
"219","tt0071360","Thu Jul 19 18:11:08 2012","Thu Jul 19 18:11:08 2012","","The Conversation","Feature Film","Francis Ford Coppola","7.9","113","1974","drama, mystery, thriller","63856","1974-04-07","http://www.imdb.com/title/tt0071360/"
"220","tt0071746","Thu Jul 19 18:11:14 2012","Thu Jul 19 18:11:14 2012","","Lenny","Feature Film","Bob Fosse","7.7","111","1974","biography, drama","9694","1974-11-10","http://www.imdb.com/title/tt0071746/"
"221","tt0072308","Thu Jul 19 18:11:19 2012","Thu Jul 19 18:11:19 2012","","The Towering Inferno","Feature Film","John Guillermin","6.9","165","1974","action, drama, thriller","25976","1974-12-10","http://www.imdb.com/title/tt0072308/"
"222","tt0070735","Thu Jul 19 18:11:25 2012","Thu Jul 19 18:11:33 2012","&#9733 1974 Best Picture Winner &#9733","The Sting","Feature Film","George Roy Hill","8.4","129","1973","comedy, crime, drama","138757","1973-12-25","http://www.imdb.com/title/tt0070735/"
"223","tt0069704","Thu Jul 19 18:11:42 2012","Thu Jul 19 18:11:42 2012","","American Graffiti","Feature Film","George Lucas","7.5","110","1973","comedy, drama","55920","1973-08-01","http://www.imdb.com/title/tt0069704/"
"224","tt0069467","Thu Jul 19 18:11:52 2012","Thu Jul 19 18:11:52 2012","","Cries & Whispers","Feature Film","Ingmar Bergman","8.1","91","1972","drama","16499","1972-12-21","http://www.imdb.com/title/tt0069467/"
"225","tt0070047","Thu Jul 19 18:12:01 2012","Thu Jul 19 18:12:01 2012","","The Exorcist","Feature Film","William Friedkin","8.0","122","1973","horror","244720","1973-12-26","http://www.imdb.com/title/tt0070047/"
"226","tt0070819","Thu Jul 19 18:12:13 2012","Thu Jul 19 18:12:13 2012","","A Touch of Class","Feature Film","Melvin Frank","6.6","106","1973","comedy, romance","1708","1973-06-20","http://www.imdb.com/title/tt0070819/"
"227","tt0068646","Thu Jul 19 18:12:20 2012","Thu Jul 19 18:12:28 2012","&#9733 1973 Best Picture Winner &#9733","The Godfather","Feature Film","Francis Ford Coppola","9.2","175","1972","crime, drama","902991","1972-03-15","http://www.imdb.com/title/tt0068646/"
"228","tt0068327","Thu Jul 19 18:12:41 2012","Thu Jul 19 18:12:41 2012","","Cabaret","Feature Film","Bob Fosse","7.9","124","1972","drama, musical","31687","1972-02-13","http://www.imdb.com/title/tt0068327/"
"229","tt0068473","Thu Jul 19 18:12:47 2012","Thu Jul 19 18:12:47 2012","","Deliverance","Feature Film","John Boorman","7.8","110","1972","adventure, drama, thriller","67975","1972-07-30","http://www.imdb.com/title/tt0068473/"
"230","tt0067919","Thu Jul 19 18:12:57 2012","Thu Jul 19 18:12:57 2012","","The Emigrants","Feature Film","Jan Troell","8.0","191","1971","drama","2735","1971-03-08","http://www.imdb.com/title/tt0067919/"
"231","tt0069303","Thu Jul 19 18:13:25 2012","Thu Jul 19 18:13:25 2012","","Sounder","Feature Film","Martin Ritt","7.7","105","1972","drama, family","2234","1972-09-24","http://www.imdb.com/title/tt0069303/"
"232","tt0067116","Thu Jul 19 18:13:38 2012","Thu Jul 19 18:13:45 2012","&#9733 1972 Best Picture Winner &#9733","The French Connection","Feature Film","William Friedkin","7.8","104","1971","action, crime, thriller","66384","1971-10-07","http://www.imdb.com/title/tt0067116/"
"233","tt0066921","Thu Jul 19 18:13:59 2012","Thu Jul 19 18:13:59 2012","","A Clockwork Orange","Feature Film","Stanley Kubrick","8.4","136","1971","crime, drama, sci_fi","425954","1971-12-19","http://www.imdb.com/title/tt0066921/"
"234","tt0067093","Thu Jul 19 18:14:05 2012","Thu Jul 19 18:14:05 2012","","Fiddler on the Roof","Feature Film","Norman Jewison","8.0","181","1971","drama, family, musical, romance","26153","1971-10-21","http://www.imdb.com/title/tt0067093/"
"235","tt0067328","Thu Jul 19 18:14:10 2012","Thu Jul 19 18:14:10 2012","","The Last Picture Show","Feature Film","Peter Bogdanovich","8.1","118","1971","drama","27389","1971-10-03","http://www.imdb.com/title/tt0067328/"
"236","tt0067483","Thu Jul 19 18:14:21 2012","Thu Jul 19 18:14:21 2012","","Nicholas and Alexandra","Feature Film","Franklin J. Schaffner","7.3","183","1971","biography, drama, history, war","2857","1971-11-29","http://www.imdb.com/title/tt0067483/"
"237","tt0066206","Thu Jul 19 18:14:26 2012","Thu Jul 19 18:14:32 2012","&#9733 1971 Best Picture Winner &#9733","Patton","Feature Film","Franklin J. Schaffner","8.0","172","1970","biography, drama, war","66947","1970-02-04","http://www.imdb.com/title/tt0066206/"
"238","tt0065377","Thu Jul 19 18:14:38 2012","Thu Jul 19 18:14:38 2012","","Airport","Feature Film","George Seaton","6.6","137","1970","drama, thriller","11336","1970-03-05","http://www.imdb.com/title/tt0065377/"
"239","tt0065724","Thu Jul 19 18:14:48 2012","Thu Jul 19 18:14:48 2012","","Five Easy Pieces","Feature Film","Bob Rafelson","7.5","98","1970","drama","21727","1970-09-11","http://www.imdb.com/title/tt0065724/"
"240","tt0066011","Thu Jul 19 18:14:57 2012","Thu Jul 19 18:14:57 2012","","Love Story","Feature Film","Arthur Hiller","6.9","99","1970","drama, romance","19988","1970-12-16","http://www.imdb.com/title/tt0066011/"
"241","tt0066026","Thu Jul 19 18:15:14 2012","Thu Jul 19 18:15:14 2012","","MASH","Feature Film","Robert Altman","7.7","116","1970","comedy, war, drama","48766","1970-01-25","http://www.imdb.com/title/tt0066026/"
"242","tt0064665","Thu Jul 19 18:15:22 2012","Thu Jul 19 18:15:27 2012","&#9733 1970 Best Picture Winner &#9733","Midnight Cowboy","Feature Film","John Schlesinger","8.0","113","1969","drama","65486","1969-05-25","http://www.imdb.com/title/tt0064665/"
"243","tt0064030","Thu Jul 19 18:15:36 2012","Thu Jul 19 18:15:36 2012","","Anne of the Thousand Days","Feature Film","Charles Jarrott","7.5","145","1969","drama, history","4467","1969-12-18","http://www.imdb.com/title/tt0064030/"
"244","tt0064115","Thu Jul 19 18:15:44 2012","Thu Jul 19 18:15:44 2012","","Butch Cassidy and the Sundance Kid","Feature Film","George Roy Hill","8.2","110","1969","biography, crime, western","120376","1969-09-23","http://www.imdb.com/title/tt0064115/"
"245","tt0064418","Thu Jul 19 18:15:51 2012","Thu Jul 19 18:15:51 2012","","Hello, Dolly!","Feature Film","Gene Kelly","7.2","146","1969","comedy, musical, romance","8566","1969-12-16","http://www.imdb.com/title/tt0064418/"
"246","tt0065234","Thu Jul 19 18:15:59 2012","Thu Jul 19 18:15:59 2012","","Z","Feature Film","Costa-Gavras","8.1","127","1969","crime, drama, history, mystery, thriller","15127","1969-02-26","http://www.imdb.com/title/tt0065234/"
"247","tt0063385","Fri Jul 20 10:30:33 2012","Fri Jul 20 10:30:38 2012","&#9733 1969 Best Picture Winner &#9733","Oliver!","Feature Film","Carol Reed","7.5","153","1968","drama, family, musical","20593","1968-09-26","http://www.imdb.com/title/tt0063385/"
"248","tt0062994","Fri Jul 20 10:30:45 2012","Fri Jul 20 10:30:45 2012","","Funny Girl","Feature Film","William Wyler","7.6","151","1968","biography, comedy, drama, musical, romance","10763","1968-09-18","http://www.imdb.com/title/tt0062994/"
"249","tt0063227","Fri Jul 20 10:30:50 2012","Fri Jul 20 10:30:50 2012","","The Lion in Winter","Feature Film","Anthony Harvey","8.2","134","1968","drama, history","20524","1968-10-30","http://www.imdb.com/title/tt0063227/"
"250","tt0063483","Fri Jul 20 10:31:05 2012","Fri Jul 20 10:31:05 2012","","Rachel, Rachel","Feature Film","Paul Newman","7.2","101","1968","drama, romance","1755","1968-08-26","http://www.imdb.com/title/tt0063483/"
"251","tt0063518","Fri Jul 20 10:31:16 2012","Fri Jul 20 10:31:16 2012","","Romeo and Juliet","Feature Film","Franco Zeffirelli","7.7","138","1968","drama, romance","21059","1968-03-04","http://www.imdb.com/title/tt0063518/"
"252","tt0061811","Fri Jul 20 10:31:27 2012","Tue Jul 24 13:17:21 2012","&#9733 1968 Best Picture Winner &#9733","In the Heat of the Night","Feature Film","Norman Jewison","8.0","109","1967","crime, drama, mystery, thriller","41974","1967-08-02","http://www.imdb.com/title/tt0061811/"
"253","tt0061418","Fri Jul 20 10:31:33 2012","Fri Jul 20 10:31:33 2012","","Bonnie and Clyde","Feature Film","Arthur Penn","7.9","111","1967","biography, crime, drama","69680","1967-07-18","http://www.imdb.com/title/tt0061418/"
"254","tt0061584","Fri Jul 20 10:31:42 2012","Fri Jul 20 10:31:42 2012","","Doctor Dolittle","Feature Film","Richard Fleischer","6.2","152","1967","adventure, comedy, family, fantasy, musical, romance","5303","1967-12-05","http://www.imdb.com/title/tt0061584/"
"255","tt0061722","Fri Jul 20 10:31:50 2012","Fri Jul 20 10:31:50 2012","","The Graduate","Feature Film","Mike Nichols","8.1","106","1967","comedy, drama, romance","175578","1967-12-21","http://www.imdb.com/title/tt0061722/"
"256","tt0061735","Fri Jul 20 10:32:00 2012","Fri Jul 20 10:32:00 2012","","Guess Who's Coming to Dinner","Feature Film","Stanley Kramer","7.8","108","1967","drama","24174","1967-12-11","http://www.imdb.com/title/tt0061735/"
"257","tt0060665","Fri Jul 20 10:32:10 2012","Fri Jul 20 10:32:16 2012","&#9733 1967 Best Picture Winner &#9733","A Man for All Seasons","Feature Film","Fred Zinnemann","8.0","120","1966","biography, drama, history","20245","1966-12-12","http://www.imdb.com/title/tt0060665/"
"258","tt0060086","Fri Jul 20 10:32:22 2012","Fri Jul 20 10:32:22 2012","","Alfie","Feature Film","Lewis Gilbert","7.1","114","1966","comedy, drama","9003","1966-03-29","http://www.imdb.com/title/tt0060086/"
"259","tt0060921","Fri Jul 20 10:32:42 2012","Fri Jul 20 10:32:42 2012","","The Russians Are Coming the Russians Are Coming","Feature Film","Norman Jewison","7.1","126","1966","comedy, war","5463","1966-05-25","http://www.imdb.com/title/tt0060921/"
"260","tt0060934","Fri Jul 20 10:32:53 2012","Fri Jul 20 10:32:53 2012","","The Sand Pebbles","Feature Film","Robert Wise","7.7","182","1966","adventure, drama, romance, war","8991","1966-12-20","http://www.imdb.com/title/tt0060934/"
"261","tt0061184","Fri Jul 20 10:33:10 2012","Fri Jul 20 10:33:10 2012","","Who's Afraid of Virginia Woolf?","Feature Film","Mike Nichols","8.1","131","1966","drama","44949","1966-06-21","http://www.imdb.com/title/tt0061184/"
"262","tt0059742","Fri Jul 20 10:33:17 2012","Fri Jul 20 10:33:23 2012","&#9733 1966 Best Picture Winner &#9733","The Sound of Music","Feature Film","Robert Wise","8.0","174","1965","biography, drama, family, musical, romance","118704","1965-03-02","http://www.imdb.com/title/tt0059742/"
"263","tt0059084","Fri Jul 20 10:33:31 2012","Fri Jul 20 10:33:31 2012","","Darling","Feature Film","John Schlesinger","7.2","128","1965","drama, romance","3389","1965-07","http://www.imdb.com/title/tt0059084/"
"264","tt0059113","Fri Jul 20 10:33:42 2012","Fri Jul 20 10:33:42 2012","","Doctor Zhivago","Feature Film","David Lean","8.0","197","1965","drama, romance, war","49052","1965-12-22","http://www.imdb.com/title/tt0059113/"
"265","tt0059712","Fri Jul 20 10:33:50 2012","Fri Jul 20 10:33:50 2012","","Ship of Fools","Feature Film","Stanley Kramer","7.2","149","1965","drama, romance, war","3337","1965-07-29","http://www.imdb.com/title/tt0059712/"
"266","tt0059798","Fri Jul 20 10:34:01 2012","Fri Jul 20 10:34:01 2012","","A Thousand Clowns","Feature Film","Fred Coe","7.6","118","1965","comedy, drama, romance","2212","1965-12-13","http://www.imdb.com/title/tt0059798/"
"267","tt0058385","Fri Jul 20 10:34:09 2012","Fri Jul 20 10:34:19 2012","&#9733 1965 Best Picture Winner &#9733","My Fair Lady","Feature Film","George Cukor","7.9","170","1964","drama, family, musical, romance","56253","1964-10-21","http://www.imdb.com/title/tt0058385/"
"268","tt0057877","Fri Jul 20 10:34:29 2012","Fri Jul 20 10:34:29 2012","","Becket","Feature Film","Peter Glenville","8.0","148","1964","biography, drama, history","9782","1964-03-11","http://www.imdb.com/title/tt0057877/"
"269","tt0057012","Fri Jul 20 10:34:38 2012","Fri Jul 20 10:34:38 2012","","Dr. Strangelove or: How I Learned to Stop Worrying and Love the Bomb","Feature Film","Stanley Kubrick","8.5","95","1964","comedy, war","281887","1964-01-29","http://www.imdb.com/title/tt0057012/"
"270","tt0058331","Fri Jul 20 10:34:47 2012","Fri Jul 20 10:34:47 2012","","Mary Poppins","Feature Film","Robert Stevenson","7.8","139","1964","comedy, family, fantasy, musical","84166","1964-08-27","http://www.imdb.com/title/tt0058331/"
"271","tt0057831","Fri Jul 20 10:34:53 2012","Fri Jul 20 10:34:53 2012","","Zorba the Greek","Feature Film","Michael Cacoyannis","7.8","142","1964","adventure, drama","13227","1964-12-14","http://www.imdb.com/title/tt0057831/"
"272","tt0057590","Fri Jul 20 10:35:00 2012","Fri Jul 20 10:35:05 2012","&#9733 1964 Best Picture Winner &#9733","Tom Jones","Feature Film","Tony Richardson","6.8","128","1963","adventure, comedy, history","7073","1963-09","http://www.imdb.com/title/tt0057590/"
"273","tt0056825","Fri Jul 20 10:35:18 2012","Fri Jul 20 10:35:18 2012","","America America","Feature Film","Elia Kazan","7.9","174","1963","drama","2936","1963-12-15","http://www.imdb.com/title/tt0056825/"
"274","tt0056937","Fri Jul 20 10:35:24 2012","Fri Jul 20 10:35:24 2012","","Cleopatra","Feature Film","Joseph L. Mankiewicz","7.0","192","1963","biography, drama, history, romance","18059","1963-06-12","http://www.imdb.com/title/tt0056937/"
"275","tt0056085","Fri Jul 20 10:35:34 2012","Fri Jul 20 10:35:34 2012","","How the West Was Won","Feature Film","John Ford, Henry Hathaway","7.1","164","1962","western","12335","1962-11-01","http://www.imdb.com/title/tt0056085/"
"276","tt0057251","Fri Jul 20 10:35:45 2012","Fri Jul 20 10:35:45 2012","","Lilies of the Field","Feature Film","Ralph Nelson","7.7","94","1963","drama, comedy","5713","1963-06","http://www.imdb.com/title/tt0057251/"
"277","tt0056172","Fri Jul 20 10:36:04 2012","Fri Jul 20 10:36:11 2012","&#9733 1963 Best Picture Winner &#9733","Lawrence of Arabia","Feature Film","David Lean","8.4","216","1962","adventure, biography, drama, history, war","152389","1962-12-10","http://www.imdb.com/title/tt0056172/"
"278","tt0056197","Fri Jul 20 10:36:21 2012","Fri Jul 20 10:36:21 2012","","The Longest Day","Feature Film","Ken Annakin, Andrew Marton","7.8","178","1962","action, drama, history, war","38315","1962-09-25","http://www.imdb.com/title/tt0056197/"
"279","tt0056262","Fri Jul 20 10:36:26 2012","Fri Jul 20 10:36:26 2012","","The Music Man","Feature Film","Morton DaCosta","7.7","151","1962","comedy, musical, romance","11852","1962-06-19","http://www.imdb.com/title/tt0056262/"
"280","tt0056264","Fri Jul 20 10:36:36 2012","Fri Jul 20 10:36:36 2012","","Mutiny on the Bounty","Feature Film","Lewis Milestone","7.2","178","1962","adventure, drama, history, romance","10169","1962-11-08","http://www.imdb.com/title/tt0056264/"
"281","tt0056592","Fri Jul 20 10:36:46 2012","Fri Jul 20 10:36:46 2012","","To Kill a Mockingbird","Feature Film","Robert Mulligan","8.4","129","1962","drama","168344","1962-12-25","http://www.imdb.com/title/tt0056592/"
"282","tt0055614","Fri Jul 20 10:36:54 2012","Fri Jul 20 10:36:59 2012","&#9733 1962 Best Picture Winner &#9733","West Side Story","Feature Film","Jerome Robbins, Robert Wise","7.6","152","1961","crime, drama, musical, romance, thriller","60002","1961-10-18","http://www.imdb.com/title/tt0055614/"
"283","tt0054866","Fri Jul 20 10:37:05 2012","Fri Jul 20 10:37:05 2012","","Fanny","Feature Film","Joshua Logan","7.1","134","1961","drama, romance","1151","1961-06-28","http://www.imdb.com/title/tt0054866/"
"284","tt0054953","Fri Jul 20 10:37:12 2012","Fri Jul 20 10:37:12 2012","","The Guns of Navarone","Feature Film","J. Lee Thompson","7.6","158","1961","action, adventure, drama, war","31312","1961-04-27","http://www.imdb.com/title/tt0054953/"
"285","tt0054997","Fri Jul 20 10:37:18 2012","Fri Jul 20 10:37:18 2012","","The Hustler","Feature Film","Robert Rossen","8.1","134","1961","drama, sport","51378","1961-09-25","http://www.imdb.com/title/tt0054997/"
"286","tt0055031","Fri Jul 20 10:37:29 2012","Fri Jul 20 10:37:29 2012","","Judgment at Nuremberg","Feature Film","Stanley Kramer","8.3","186","1961","drama, history, war","32432","1961-12-14","http://www.imdb.com/title/tt0055031/"
"287","tt0053604","Fri Jul 20 10:37:36 2012","Fri Jul 20 10:37:41 2012","&#9733 1961 Best Picture Winner &#9733","The Apartment","Feature Film","Billy Wilder","8.4","125","1960","comedy, drama, romance","85319","1960-06-15","http://www.imdb.com/title/tt0053604/"
"288","tt0053580","Fri Jul 20 10:37:46 2012","Fri Jul 20 10:37:46 2012","","The Alamo","Feature Film","John Wayne","6.9","167","1960","adventure, drama, history, war, western","9275","1960-10-24","http://www.imdb.com/title/tt0053580/"
"289","tt0053793","Fri Jul 20 10:37:53 2012","Fri Jul 20 10:37:53 2012","","Elmer Gantry","Feature Film","Richard Brooks","7.9","146","1960","drama","6817","1960-06-29","http://www.imdb.com/title/tt0053793/"
"290","tt0054326","Fri Jul 20 10:38:01 2012","Fri Jul 20 10:38:01 2012","","Sons and Lovers","Feature Film","Jack Cardiff","7.4","103","1960","drama","840","1960-05","http://www.imdb.com/title/tt0054326/"
"291","tt0054353","Fri Jul 20 10:38:08 2012","Fri Jul 20 10:38:08 2012","","The Sundowners","Feature Film","Fred Zinnemann","7.3","133","1960","drama, adventure","2447","1960-12-08","http://www.imdb.com/title/tt0054353/"
"292","tt0052618","Fri Jul 20 10:38:16 2012","Tue Jul 24 13:17:47 2012","&#9733 1960 Best Picture Winner &#9733","Ben-Hur","Feature Film","William Wyler","8.1","212","1959","adventure, drama","125454","1959-11-18","http://www.imdb.com/title/tt0052618/"
"293","tt0052561","Fri Jul 20 10:38:32 2012","Fri Jul 20 10:38:32 2012","","Anatomy of a Murder","Feature Film","Otto Preminger","8.1","160","1959","crime, drama, mystery, thriller","38046","1959-07-01","http://www.imdb.com/title/tt0052561/"
"294","tt0052738","Fri Jul 20 10:38:39 2012","Fri Jul 20 10:38:39 2012","","The Diary of Anne Frank","Feature Film","George Stevens","7.4","180","1959","biography, drama, family, history, war","8599","1959-03-18","http://www.imdb.com/title/tt0052738/"
"295","tt0053131","Fri Jul 20 10:38:46 2012","Fri Jul 20 10:38:46 2012","","The Nun's Story","Feature Film","Fred Zinnemann","7.6","149","1959","drama","5885","1959-06-18","http://www.imdb.com/title/tt0053131/"
"296","tt0053226","Fri Jul 20 10:38:55 2012","Fri Jul 20 10:38:55 2012","","Room at the Top","Feature Film","Jack Clayton","7.9","117","1959","drama, romance","2975","1959-01-22","http://www.imdb.com/title/tt0053226/"
"297","tt0051658","Tue Jul 24 13:20:39 2012","Tue Jul 24 13:29:20 2012","&#9733 1959 Best Picture Winner &#9733","Gigi","Feature Film","Vincente Minnelli","6.9","115","1958","comedy, musical, romance","12164","1958-05-15","http://www.imdb.com/title/tt0051658/"
"298","tt0051383","Tue Jul 24 13:21:36 2012","Tue Jul 24 13:21:36 2012","","Auntie Mame","Feature Film","Morton DaCosta","8.0","143","1958","comedy, drama","7194","1958-12-04","http://www.imdb.com/title/tt0051383/"
"299","tt0051459","Tue Jul 24 13:21:44 2012","Tue Jul 24 13:21:44 2012","","Cat on a Hot Tin Roof","Feature Film","Richard Brooks","8.1","108","1958","drama, romance","29138","1958-09-18","http://www.imdb.com/title/tt0051459/"
"300","tt0051525","Tue Jul 24 13:21:51 2012","Tue Jul 24 13:21:51 2012","","The Defiant Ones","Feature Film","Stanley Kramer","7.7","96","1958","crime, drama, thriller","7965","1958-07","http://www.imdb.com/title/tt0051525/"
"301","tt0052182","Tue Jul 24 13:21:59 2012","Tue Jul 24 13:21:59 2012","","Separate Tables","Feature Film","Delbert Mann","7.6","100","1958","drama, romance","3897","1958-12-18","http://www.imdb.com/title/tt0052182/"
"302","tt0050212","Tue Jul 24 13:22:09 2012","Tue Jul 24 13:29:27 2012","&#9733 1958 Best Picture Winner &#9733","The Bridge on the River Kwai","Feature Film","David Lean","8.3","161","1957","adventure, drama, war","118760","1957-10-02","http://www.imdb.com/title/tt0050212/"
"303","tt0050839","Tue Jul 24 13:22:20 2012","Tue Jul 24 13:22:20 2012","","Peyton Place","Feature Film","Mark Robson","7.2","157","1957","drama, romance","3576","1957-12-11","http://www.imdb.com/title/tt0050839/"
"304","tt0050933","Tue Jul 24 13:22:35 2012","Tue Jul 24 13:22:35 2012","","Sayonara","Feature Film","Joshua Logan","7.2","147","1957","drama, romance","3590","1957-12-05","http://www.imdb.com/title/tt0050933/"
"305","tt0050083","Tue Jul 24 13:22:46 2012","Tue Jul 24 13:22:46 2012","","12 Angry Men","Feature Film","Sidney Lumet","8.9","96","1957","drama","328599","1957-04-10","http://www.imdb.com/title/tt0050083/"
"306","tt0051201","Tue Jul 24 13:22:58 2012","Tue Jul 24 13:22:58 2012","","Witness for the Prosecution","Feature Film","Billy Wilder","8.5","116","1957","crime, drama, mystery","45643","1957-12-17","http://www.imdb.com/title/tt0051201/"
"307","tt0048960","Tue Jul 24 13:23:09 2012","Tue Jul 24 13:29:51 2012","&#9733 1957 Best Picture Winner &#9733","Around the World in Eighty Days","Feature Film","Michael Anderson","6.8","175","1956","adventure, comedy, family, fantasy, romance","14595","1956-10-17","http://www.imdb.com/title/tt0048960/"
"308","tt0049233","Tue Jul 24 13:23:19 2012","Tue Jul 24 13:23:19 2012","","Friendly Persuasion","Feature Film","William Wyler","7.5","137","1956","drama, war, western","4198","1956-11-01","http://www.imdb.com/title/tt0049233/"
"309","tt0049261","Tue Jul 24 13:23:34 2012","Tue Jul 24 13:23:34 2012","","Giant","Feature Film","George Stevens","7.7","201","1956","drama, romance","22531","1956-10-10","http://www.imdb.com/title/tt0049261/"
"310","tt0049408","Tue Jul 24 13:23:41 2012","Tue Jul 24 13:23:41 2012","","The King and I","Feature Film","Walter Lang","7.5","133","1956","drama, musical, romance","16928","1956-06-28","http://www.imdb.com/title/tt0049408/"
"311","tt0049833","Tue Jul 24 13:23:48 2012","Tue Jul 24 13:23:48 2012","","The Ten Commandments","Feature Film","Cecil B. de Mille","7.9","220","1956","adventure, drama","40589","1956-10-05","http://www.imdb.com/title/tt0049833/"
"312","tt0048356","Tue Jul 24 13:23:54 2012","Tue Jul 24 13:29:58 2012","&#9733 1956 Best Picture Winner &#9733","Marty","Feature Film","Delbert Mann","7.8","90","1955","drama, romance","12594","1955-04-11","http://www.imdb.com/title/tt0048356/"
"313","tt0048316","Tue Jul 24 13:24:01 2012","Tue Jul 24 13:24:01 2012","","Love Is a Many-Splendored Thing","Feature Film","Henry King","6.7","102","1955","biography, drama, romance, war","2883","1955-08-18","http://www.imdb.com/title/tt0048316/"
"314","tt0048380","Tue Jul 24 13:24:08 2012","Tue Jul 24 13:24:08 2012","","Mister Roberts","Feature Film","John Ford, Mervyn LeRoy","7.9","123","1955","comedy, drama, war","11550","1955-07-10","http://www.imdb.com/title/tt0048380/"
"315","tt0048491","Tue Jul 24 13:24:20 2012","Tue Jul 24 13:24:20 2012","","Picnic","Feature Film","Joshua Logan","7.2","115","1955","drama, romance","5671","1955-11","http://www.imdb.com/title/tt0048491/"
"316","tt0048563","Tue Jul 24 13:24:27 2012","Tue Jul 24 13:24:27 2012","","The Rose Tattoo","Feature Film","Daniel Mann","7.3","117","1955","comedy, drama, romance","2249","1955-12-12","http://www.imdb.com/title/tt0048563/"
"317","tt0047296","Tue Jul 24 13:24:34 2012","Tue Jul 24 13:30:06 2012","&#9733 1955 Best Picture Winner &#9733","On the Waterfront","Feature Film","Elia Kazan","8.3","108","1954","crime, drama","80200","1954-06-22","http://www.imdb.com/title/tt0047296/"
"318","tt0046816","Tue Jul 24 13:24:43 2012","Tue Jul 24 13:24:43 2012","","The Caine Mutiny","Feature Film","Edward Dmytryk","7.9","124","1954","drama, war","17919","1954-06-24","http://www.imdb.com/title/tt0046816/"
"319","tt0046874","Tue Jul 24 13:24:49 2012","Tue Jul 24 13:24:49 2012","","The Country Girl","Feature Film","George Seaton","7.4","104","1954","drama, music","3355","1954-12-11","http://www.imdb.com/title/tt0046874/"
"320","tt0047472","Tue Jul 24 13:24:54 2012","Tue Jul 24 13:24:54 2012","","Seven Brides for Seven Brothers","Feature Film","Stanley Donen","7.4","102","1954","comedy, drama, musical, romance, western","13650","1954-07-22","http://www.imdb.com/title/tt0047472/"
"321","tt0047580","Tue Jul 24 13:25:03 2012","Tue Jul 24 13:25:03 2012","","Three Coins in the Fountain","Feature Film","Jean Negulesco","6.3","102","1954","drama","1825","1954-05-20","http://www.imdb.com/title/tt0047580/"
"322","tt0045793","Tue Jul 24 13:25:12 2012","Tue Jul 24 13:30:16 2012","&#9733 1954 Best Picture Winner &#9733","From Here to Eternity","Feature Film","Fred Zinnemann","7.8","118","1953","drama, romance, war","29087","1953-08-05","http://www.imdb.com/title/tt0045793/"
"323","tt0045943","Tue Jul 24 13:25:20 2012","Tue Jul 24 13:25:20 2012","","Julius Caesar","Feature Film","Joseph L. Mankiewicz","7.4","120","1953","drama, history","6618","1953-05-08","http://www.imdb.com/title/tt0045943/"
"324","tt0046247","Tue Jul 24 13:25:27 2012","Tue Jul 24 13:25:27 2012","","The Robe","Feature Film","Henry Koster","6.8","135","1953","drama, history","5176","1953-09-16","http://www.imdb.com/title/tt0046247/"
"325","tt0046250","Tue Jul 24 13:25:33 2012","Tue Jul 24 13:25:33 2012","","Roman Holiday","Feature Film","William Wyler","8.1","118","1953","comedy, drama, romance","77042","1953-08-27","http://www.imdb.com/title/tt0046250/"
"326","tt0046303","Tue Jul 24 13:25:37 2012","Tue Jul 24 13:25:37 2012","","Shane","Feature Film","George Stevens","7.7","118","1953","drama, romance, western","24761","1953-04-23","http://www.imdb.com/title/tt0046303/"
"327","tt0044672","Tue Jul 24 13:25:44 2012","Tue Jul 24 13:30:28 2012","&#9733 1953 Best Picture Winner &#9733","The Greatest Show on Earth","Feature Film","Cecil B. DeMille","6.7","152","1952","drama, family, romance","7844","1952-01-10","http://www.imdb.com/title/tt0044672/"
"328","tt0044706","Tue Jul 24 13:25:50 2012","Tue Jul 24 13:25:50 2012","","High Noon","Feature Film","Fred Zinnemann","8.1","85","1952","western","65296","1952-07-07","http://www.imdb.com/title/tt0044706/"
"329","tt0044760","Tue Jul 24 13:25:55 2012","Tue Jul 24 13:25:55 2012","","Ivanhoe","Feature Film","Richard Thorpe","6.9","106","1952","adventure, drama, history, romance","5364","1952-06-12","http://www.imdb.com/title/tt0044760/"
"330","tt0044926","Tue Jul 24 13:26:06 2012","Tue Jul 24 13:26:06 2012","","Moulin Rouge","Feature Film","John Huston","7.2","119","1952","biography, drama, music, romance","3362","1952-12-23","http://www.imdb.com/title/tt0044926/"
"331","tt0045061","Tue Jul 24 13:26:14 2012","Tue Jul 24 13:26:14 2012","","The Quiet Man","Feature Film","John Ford","8.0","129","1952","comedy, drama, romance","22780","1952-06-06","http://www.imdb.com/title/tt0045061/"
"332","tt0043278","Tue Jul 24 13:26:27 2012","Tue Jul 24 13:30:43 2012","&#9733 1952 Best Picture Winner &#9733","An American in Paris","Feature Film","Vincente Minnelli","7.3","113","1951","musical, romance","17989","1951-08-26","http://www.imdb.com/title/tt0043278/"
"333","tt0043459","Tue Jul 24 13:26:38 2012","Tue Jul 24 13:26:38 2012","","Decision Before Dawn","Feature Film","Anatole Litvak","7.4","119","1951","drama, war","1454","1951-12-21","http://www.imdb.com/title/tt0043459/"
"334","tt0043924","Tue Jul 24 13:26:45 2012","Tue Jul 24 13:26:45 2012","","A Place in the Sun","Feature Film","George Stevens","7.9","122","1951","drama, romance","12860","1951-08-14","http://www.imdb.com/title/tt0043924/"
"335","tt0043949","Tue Jul 24 13:26:50 2012","Tue Jul 24 13:26:50 2012","","Quo Vadis","Feature Film","Mervyn LeRoy","7.2","171","1951","biography, drama, history, romance","8263","1951-11-08","http://www.imdb.com/title/tt0043949/"
"336","tt0044081","Tue Jul 24 13:26:58 2012","Tue Jul 24 13:26:58 2012","","A Streetcar Named Desire","Feature Film","Elia Kazan","8.1","122","1951","drama","67362","1951-09-18","http://www.imdb.com/title/tt0044081/"
"337","tt0042192","Tue Jul 24 13:27:04 2012","Tue Jul 24 13:30:56 2012","&#9733 1951 Best Picture Winner &#9733","All About Eve","Feature Film","Joseph L. Mankiewicz","8.4","138","1950","drama","66923","1950-10-13","http://www.imdb.com/title/tt0042192/"
"338","tt0042276","Tue Jul 24 13:27:10 2012","Tue Jul 24 13:27:10 2012","","Born Yesterday","Feature Film","George Cukor","7.6","103","1950","comedy, drama, romance","6459","1950-12-25","http://www.imdb.com/title/tt0042276/"
"339","tt0042451","Tue Jul 24 13:27:22 2012","Tue Jul 24 13:27:22 2012","","Father of the Bride","Feature Film","Vincente Minnelli","7.3","92","1950","comedy, romance","6711","1950-06-16","http://www.imdb.com/title/tt0042451/"
"340","tt0042646","Tue Jul 24 13:27:32 2012","Tue Jul 24 13:27:32 2012","","King Solomon's Mines","Feature Film","Compton Bennett, Andrew Marton","6.9","103","1950","adventure, romance, action","3908","1950-11-09","http://www.imdb.com/title/tt0042646/"
"341","tt0043014","Tue Jul 24 13:27:41 2012","Tue Jul 24 13:27:41 2012","","Sunset Blvd.","Feature Film","Billy Wilder","8.6","110","1950","drama, film_noir","110793","1950-08-10","http://www.imdb.com/title/tt0043014/"
"342","tt0041113","Tue Jul 24 13:27:52 2012","Tue Jul 24 13:31:07 2012","&#9733 1950 Best Picture Winner &#9733","All the King's Men","Feature Film","Robert Rossen","7.6","110","1949","drama","8041","1949-11-08","http://www.imdb.com/title/tt0041113/"
"343","tt0041163","Tue Jul 24 13:28:00 2012","Tue Jul 24 13:28:00 2012","","Battleground","Feature Film","William A. Wellman","7.6","118","1949","action, war, drama","4597","1949-11-09","http://www.imdb.com/title/tt0041163/"
"344","tt0041452","Tue Jul 24 13:28:13 2012","Tue Jul 24 13:28:13 2012","","The Heiress","Feature Film","William Wyler","8.2","115","1949","drama, romance","8220","1949-10-06","http://www.imdb.com/title/tt0041452/"
"345","tt0041587","Tue Jul 24 13:28:35 2012","Tue Jul 24 13:28:35 2012","","A Letter to Three Wives","Feature Film","Joseph L. Mankiewicz","7.8","103","1949","drama, romance","5163","1949-01-20","http://www.imdb.com/title/tt0041587/"
"346","tt0041996","Tue Jul 24 13:28:54 2012","Tue Jul 24 13:28:54 2012","","Twelve O'Clock High","Feature Film","Henry King","7.8","132","1949","action, drama, war","8695","1949-12-21","http://www.imdb.com/title/tt0041996/"
"347","tt0040416","Fri Jul 27 14:18:11 2012","Fri Jul 27 14:22:04 2012","&#9733 1949 Best Picture Winner &#9733","Hamlet","Feature Film","Laurence Olivier","7.9","155","1948","drama","9764","1948-05-06","http://www.imdb.com/title/tt0040416/"
"348","tt0040495","Fri Jul 27 14:18:18 2012","Fri Jul 27 14:18:18 2012","","Johnny Belinda","Feature Film","Jean Negulesco","7.9","102","1948","drama","2565","1948-09-14","http://www.imdb.com/title/tt0040495/"
"349","tt0040725","Fri Jul 27 14:18:23 2012","Fri Jul 27 14:18:23 2012","","The Red Shoes","Feature Film","Michael Powell, Emeric Pressburger","8.3","133","1948","drama, music, romance","16828","1948-09-06","http://www.imdb.com/title/tt0040725/"
"350","tt0040806","Fri Jul 27 14:18:39 2012","Fri Jul 27 14:18:39 2012","","The Snake Pit","Feature Film","Anatole Litvak","7.7","108","1948","drama","4155","1948-11-04","http://www.imdb.com/title/tt0040806/"
"351","tt0040897","Fri Jul 27 14:18:48 2012","Fri Jul 27 14:18:48 2012","","The Treasure of the Sierra Madre","Feature Film","John Huston","8.4","126","1948","action, adventure, drama, western","64160","1948-01-24","http://www.imdb.com/title/tt0040897/"
"352","tt0039416","Fri Jul 27 14:19:02 2012","Fri Jul 27 14:21:50 2012","&#9733 1948 Best Picture Winner &#9733","Gentleman's Agreement","Feature Film","Elia Kazan","7.4","118","1947","drama, romance","8884","1947-11-11","http://www.imdb.com/title/tt0039416/"
"353","tt0039190","Fri Jul 27 14:19:09 2012","Fri Jul 27 14:19:09 2012","","The Bishop's Wife","Feature Film","Henry Koster","7.6","109","1947","comedy, drama, fantasy, romance","8687","1947-12-09","http://www.imdb.com/title/tt0039190/"
"354","tt0039286","Fri Jul 27 14:19:15 2012","Fri Jul 27 14:19:15 2012","","Crossfire","Feature Film","Edward Dmytryk","7.4","86","1947","crime, drama, film_noir, mystery","4532","1947-07-22","http://www.imdb.com/title/tt0039286/"
"355","tt0038574","Fri Jul 27 14:19:24 2012","Fri Jul 27 14:19:24 2012","","Great Expectations","Feature Film","David Lean","8.0","118","1946","drama, romance","15546","1946-12-26","http://www.imdb.com/title/tt0038574/"
"356","tt0039628","Fri Jul 27 14:19:33 2012","Fri Jul 27 14:19:33 2012","","Miracle on 34th Street","Feature Film","George Seaton","7.9","96","1947","comedy, drama, family, fantasy","25181","1947-05-02","http://www.imdb.com/title/tt0039628/"
"357","tt0036868","Fri Jul 27 14:19:47 2012","Fri Jul 27 14:21:38 2012","&#9733 1947 Best Picture Winner &#9733","The Best Years of Our Lives","Feature Film","William Wyler","8.2","172","1946","drama, romance, war","32531","1946-11-21","http://www.imdb.com/title/tt0036868/"
"358","tt0036910","Fri Jul 27 14:19:53 2012","Fri Jul 27 14:19:53 2012","","Henry V","Feature Film","Laurence Olivier","7.4","137","1944","biography, drama, history, war","4055","1944-11-22","http://www.imdb.com/title/tt0036910/"
"359","tt0038650","Fri Jul 27 14:20:27 2012","Fri Jul 27 14:20:27 2012","","It's a Wonderful Life","Feature Film","Frank Capra","8.7","130","1946","drama, family, fantasy","213531","1946-12-20","http://www.imdb.com/title/tt0038650/"
"360","tt0038873","Fri Jul 27 14:20:45 2012","Fri Jul 27 14:20:45 2012","","The Razor's Edge","Feature Film","Edmund Goulding","7.6","145","1946","drama","3191","1946-11-19","http://www.imdb.com/title/tt0038873/"
"361","tt0039111","Fri Jul 27 14:20:53 2012","Fri Jul 27 14:20:53 2012","","The Yearling","Feature Film","Clarence Brown","7.4","128","1946","drama, family","3799","1946-12-18","http://www.imdb.com/title/tt0039111/"
"362","tt0037884","Fri Jul 27 14:21:21 2012","Fri Jul 27 14:21:29 2012","&#9733 1946 Best Picture Winner &#9733","The Lost Weekend","Feature Film","Billy Wilder","8.1","101","1945","drama","21165","1945-11-16","http://www.imdb.com/title/tt0037884/"
"363","tt0037514","Fri Jul 27 14:22:19 2012","Fri Jul 27 14:22:19 2012","","Anchors Aweigh","Feature Film","George Sidney","7.2","143","1945","comedy, fantasy, musical, romance","5098","1945-07-14","http://www.imdb.com/title/tt0037514/"
"364","tt0037536","Fri Jul 27 14:22:40 2012","Fri Jul 27 14:22:40 2012","","The Bells of St. Mary's","Feature Film","Leo McCarey","7.5","126","1945","drama, family","4618","1945-12-06","http://www.imdb.com/title/tt0037536/"
"365","tt0037913","Fri Jul 27 14:22:48 2012","Fri Jul 27 14:22:48 2012","","Mildred Pierce","Feature Film","Michael Curtiz","8.0","111","1945","crime, drama, film_noir, mystery, romance","13506","1945-09-24","http://www.imdb.com/title/tt0037913/"
"366","tt0038109","Fri Jul 27 14:22:55 2012","Fri Jul 27 14:22:55 2012","","Spellbound","Feature Film","Alfred Hitchcock","7.7","111","1945","film_noir, mystery, romance, thriller","28019","1945-10-31","http://www.imdb.com/title/tt0038109/"
"367","tt0036872","Fri Jul 27 14:23:03 2012","Fri Jul 27 14:23:09 2012","&#9733 1945 Best Picture Winner &#9733","Going My Way","Feature Film","Leo McCarey","7.4","126","1944","comedy, drama, music, musical","6059","1944-05-03","http://www.imdb.com/title/tt0036872/"
"368","tt0036775","Fri Jul 27 14:23:18 2012","Fri Jul 27 14:23:18 2012","","Double Indemnity","Feature Film","Billy Wilder","8.4","107","1944","crime, drama, film_noir, thriller","77582","1944-04-24","http://www.imdb.com/title/tt0036775/"
"369","tt0036855","Fri Jul 27 14:23:22 2012","Fri Jul 27 14:23:22 2012","","Gaslight","Feature Film","George Cukor","7.9","114","1944","crime, drama, film_noir, mystery, thriller","14252","1944-05-04","http://www.imdb.com/title/tt0036855/"
"370","tt0037280","Fri Jul 27 14:23:34 2012","Fri Jul 27 14:23:34 2012","","Since You Went Away","Feature Film","John Cromwell","7.7","177","1944","drama, romance, war","3029","1944-06","http://www.imdb.com/title/tt0037280/"
"371","tt0037465","Fri Jul 27 14:23:54 2012","Fri Jul 27 14:23:54 2012","","Wilson","Feature Film","Henry King","7.0","154","1944","biography, drama, history, music, romance","901","1944-07","http://www.imdb.com/title/tt0037465/"
"372","tt0034583","Fri Jul 27 14:24:05 2012","Fri Jul 27 14:24:18 2012","&#9733 1944 Best Picture Winner &#9733","Casablanca","Feature Film","Michael Curtiz","8.6","102","1942","drama, romance, war","318427","1942-11-26","http://www.imdb.com/title/tt0034583/"
"373","tt0035896","Fri Jul 27 14:24:31 2012","Fri Jul 27 14:24:31 2012","","For Whom the Bell Tolls","Feature Film","Sam Wood","7.0","170","1943","adventure, drama, history, romance, war","5222","1943-07-14","http://www.imdb.com/title/tt0035896/"
"374","tt0035979","Fri Jul 27 14:25:00 2012","Fri Jul 27 14:25:00 2012","","Heaven Can Wait","Feature Film","Ernst Lubitsch","7.5","112","1943","comedy, drama, fantasy, romance","6044","1943-08-11","http://www.imdb.com/title/tt0035979/"
"375","tt0036022","Fri Jul 27 14:25:09 2012","Fri Jul 27 14:25:09 2012","","The Human Comedy","Feature Film","Clarence Brown","7.2","117","1943","comedy, drama, family","1196","1943-03-02","http://www.imdb.com/title/tt0036022/"
"376","tt0034891","Fri Jul 27 14:25:17 2012","Fri Jul 27 14:25:17 2012","","In Which We Serve","Feature Film","Noel Coward, David Lean","7.4","114","1942","drama, war","3277","1942-09-17","http://www.imdb.com/title/tt0034891/"
"377","tt0036126","Fri Jul 27 14:25:24 2012","Fri Jul 27 14:25:24 2012","","Madame Curie","Feature Film","Mervyn LeRoy","7.2","124","1943","biography, drama, romance","1499","1943-12-15","http://www.imdb.com/title/tt0036126/"
"378","tt0036172","Fri Jul 27 14:25:33 2012","Fri Jul 27 14:25:33 2012","","The More the Merrier","Feature Film","George Stevens","8.0","104","1943","comedy, romance","3269","1943-03-26","http://www.imdb.com/title/tt0036172/"
"379","tt0036244","Fri Jul 27 14:25:47 2012","Fri Jul 27 14:25:47 2012","","The Ox-Bow Incident","Feature Film","William A. Wellman","8.1","75","1943","crime, drama, western","14023","1943-05-08","http://www.imdb.com/title/tt0036244/"
"380","tt0036377","Fri Jul 27 14:25:56 2012","Fri Jul 27 14:25:56 2012","","The Song of Bernadette","Feature Film","Henry King","7.7","156","1943","biography, drama","3824","1943-12-21","http://www.imdb.com/title/tt0036377/"
"381","tt0036515","Fri Jul 27 14:26:05 2012","Fri Jul 27 14:26:05 2012","","Watch on the Rhine","Feature Film","Herman Shumlin","7.5","114","1943","drama","2350","1943-08-27","http://www.imdb.com/title/tt0036515/"
"382","tt0035093","Fri Jul 27 14:26:13 2012","Fri Jul 27 14:26:22 2012","&#9733 1943 Best Picture Winner &#9733","Mrs. Miniver","Feature Film","William Wyler","7.7","134","1942","drama, romance, war","9559","1942-06-04","http://www.imdb.com/title/tt0035093/"
"383","tt0033627","Fri Jul 27 14:26:37 2012","Fri Jul 27 14:26:37 2012","","49th Parallel","Feature Film","Michael Powell","7.5","123","1941","drama, war, thriller","3753","1941-10-08","http://www.imdb.com/title/tt0033627/"
"384","tt0034946","Fri Jul 27 14:26:45 2012","Fri Jul 27 14:26:45 2012","","Kings Row","Feature Film","Sam Wood","7.8","127","1942","drama, mystery, romance","2611","1942-02-02","http://www.imdb.com/title/tt0034946/"
"385","tt0035015","Fri Jul 27 14:26:54 2012","Fri Jul 27 14:26:54 2012","","The Magnificent Ambersons","Feature Film","Orson Welles","7.9","88","1942","drama, romance","14758","1942-07-10","http://www.imdb.com/title/tt0035015/"
"386","tt0035189","Fri Jul 27 14:27:06 2012","Fri Jul 27 14:27:06 2012","","The Pied Piper","Feature Film","Irving Pichel","7.1","87","1942","drama","276","1942-07-08","http://www.imdb.com/title/tt0035189/"
"387","tt0035211","Fri Jul 27 14:27:16 2012","Fri Jul 27 14:27:16 2012","","The Pride of the Yankees","Feature Film","Sam Wood","7.8","128","1942","biography, drama, family, romance, sport","6842","1942-07-14","http://www.imdb.com/title/tt0035211/"
"388","tt0035238","Fri Jul 27 14:27:24 2012","Fri Jul 27 14:27:24 2012","","Random Harvest","Feature Film","Mervyn LeRoy","8.0","126","1942","drama, romance","4790","1942-12-17","http://www.imdb.com/title/tt0035238/"
"389","tt0035417","Fri Jul 27 14:27:40 2012","Fri Jul 27 14:27:40 2012","","The Talk of the Town","Feature Film","George Stevens","7.7","118","1942","comedy, drama, romance, thriller","4405","1942-08-20","http://www.imdb.com/title/tt0035417/"
"390","tt0035530","Fri Jul 27 14:27:47 2012","Fri Jul 27 14:27:47 2012","","Wake Island","Feature Film","John Farrow","7.0","87","1942","action, drama, war","1158","1942-08-11","http://www.imdb.com/title/tt0035530/"
"391","tt0035575","Fri Jul 27 14:27:58 2012","Fri Jul 27 14:27:58 2012","","Yankee Doodle Dandy","Feature Film","Michael Curtiz","7.8","126","1942","biography, drama, musical","9570","1942-05-29","http://www.imdb.com/title/tt0035575/"
"392","tt0033729","Fri Jul 27 14:28:46 2012","Fri Jul 27 14:28:52 2012","&#9733 1942 Best Picture Winner &#9733","How Green Was My Valley","Feature Film","John Ford","7.8","118","1941","drama, family","13478","1941-10-28","http://www.imdb.com/title/tt0033729/"
"393","tt0033407","Fri Jul 27 14:29:00 2012","Fri Jul 27 14:29:00 2012","","Blossoms in the Dust","Feature Film","Mervyn LeRoy","7.0","99","1941","biography, drama, romance","1022","1941-06-26","http://www.imdb.com/title/tt0033407/"
"394","tt0033467","Fri Jul 27 14:29:05 2012","Fri Jul 27 14:29:05 2012","","Citizen Kane","Feature Film","Orson Welles","8.4","119","1941","drama, mystery","244456","1941-05-01","http://www.imdb.com/title/tt0033467/"
"395","tt0033712","Fri Jul 27 14:29:14 2012","Fri Jul 27 14:29:14 2012","","Here Comes Mr. Jordan","Feature Film","Alexander Hall","7.7","94","1941","fantasy, comedy, romance","3553","1941-08-07","http://www.imdb.com/title/tt0033712/"
"396","tt0033722","Fri Jul 27 14:29:24 2012","Fri Jul 27 14:29:24 2012","","Hold Back the Dawn","Feature Film","Mitchell Leisen","7.6","116","1941","drama, romance","983","1941-09-11","http://www.imdb.com/title/tt0033722/"
"397","tt0033836","Fri Jul 27 14:29:33 2012","Fri Jul 27 14:29:33 2012","","The Little Foxes","Feature Film","William Wyler","8.2","116","1941","drama, romance","6377","1941-08-20","http://www.imdb.com/title/tt0033836/"
"398","tt0033870","Fri Jul 27 14:29:41 2012","Fri Jul 27 14:29:41 2012","","The Maltese Falcon","Feature Film","John Huston","8.2","100","1941","drama, film_noir, mystery","92366","1941-10-03","http://www.imdb.com/title/tt0033870/"
"399","tt0033980","Fri Jul 27 14:29:49 2012","Fri Jul 27 14:29:49 2012","","One Foot in Heaven","Feature Film","Irving Rapper","7.2","108","1941","biography, drama","654","1941-10-02","http://www.imdb.com/title/tt0033980/"
"400","tt0034167","Fri Jul 27 14:29:58 2012","Fri Jul 27 14:29:58 2012","","Sergeant York","Feature Film","Howard Hawks","7.8","134","1941","biography, drama, history, war","11101","1941-07-02","http://www.imdb.com/title/tt0034167/"
"401","tt0034248","Fri Jul 27 14:30:06 2012","Fri Jul 27 14:30:06 2012","","Suspicion","Feature Film","Alfred Hitchcock","7.5","99","1941","mystery, thriller","19732","1941-11-14","http://www.imdb.com/title/tt0034248/"
"402","tt0032976","Fri Jul 27 14:30:24 2012","Fri Jul 27 14:30:29 2012","&#9733 1941 Best Picture Winner &#9733","Rebecca","Feature Film","Alfred Hitchcock","8.2","130","1940","mystery, thriller","70923","1940-03-27","http://www.imdb.com/title/tt0032976/"
"403","tt0032194","Fri Jul 27 14:30:42 2012","Fri Jul 27 14:30:42 2012","","All This, and Heaven Too","Feature Film","Anatole Litvak","7.7","141","1940","drama, romance","2722","1940-07-04","http://www.imdb.com/title/tt0032194/"
"404","tt0032484","Fri Jul 27 14:30:53 2012","Fri Jul 27 14:30:53 2012","","Foreign Correspondent","Feature Film","Alfred Hitchcock","7.6","120","1940","mystery, romance, thriller, war","11622","1940-08-16","http://www.imdb.com/title/tt0032484/"
"405","tt0032551","Fri Jul 27 14:31:01 2012","Fri Jul 27 14:31:01 2012","","The Grapes of Wrath","Feature Film","John Ford","8.2","129","1940","drama","49852","1940-01-24","http://www.imdb.com/title/tt0032551/"
"406","tt0032553","Fri Jul 27 14:31:09 2012","Fri Jul 27 14:31:09 2012","","The Great Dictator","Feature Film","Charles Chaplin","8.5","125","1940","comedy, drama, war","99936","1940-10-15","http://www.imdb.com/title/tt0032553/"
"407","tt0032671","Fri Jul 27 14:31:18 2012","Fri Jul 27 14:31:18 2012","","Kitty Foyle","Feature Film","Sam Wood","7.1","108","1940","drama, romance","1956","1940-12-27","http://www.imdb.com/title/tt0032671/"
"408","tt0032701","Fri Jul 27 14:31:28 2012","Fri Jul 27 14:31:28 2012","","The Letter","Feature Film","William Wyler","7.8","95","1940","crime, drama, film_noir, mystery","7062","1940-11-22","http://www.imdb.com/title/tt0032701/"
"409","tt0032728","Fri Jul 27 14:31:39 2012","Fri Jul 27 14:31:39 2012","","The Long Voyage Home","Feature Film","John Ford","7.2","105","1940","drama, war","2313","1940-10-09","http://www.imdb.com/title/tt0032728/"
"410","tt0032881","Fri Jul 27 14:31:44 2012","Fri Jul 27 14:31:44 2012","","Our Town","Feature Film","Sam Wood","6.8","90","1940","drama","1455","1940-05-24","http://www.imdb.com/title/tt0032881/"
"411","tt0032904","Fri Jul 27 14:31:52 2012","Fri Jul 27 14:31:52 2012","","The Philadelphia Story","Feature Film","George Cukor","8.1","112","1940","comedy, romance","44349","1940-12-23","http://www.imdb.com/title/tt0032904/"
"412","tt0031381","Fri Jul 27 14:31:59 2012","Fri Jul 27 14:32:06 2012","&#9733 1940 Best Picture Winner &#9733","Gone with the Wind","Feature Film","Victor Fleming","8.2","238","1939","drama, romance, war","173535","1939-12-15","http://www.imdb.com/title/tt0031381/"
"413","tt0031210","Fri Jul 27 14:32:16 2012","Fri Jul 27 14:32:16 2012","","Dark Victory","Feature Film","Edmund Goulding","7.6","104","1939","drama, romance","6393","1939-04-20","http://www.imdb.com/title/tt0031210/"
"414","tt0031385","Fri Jul 27 14:32:28 2012","Fri Jul 27 14:32:28 2012","","Goodbye, Mr. Chips","Feature Film","Sam Wood","7.7","114","1939","drama, romance","7206","1939-05-15","http://www.imdb.com/title/tt0031385/"
"415","tt0031593","Fri Jul 27 14:32:36 2012","Fri Jul 27 14:32:36 2012","","Love Affair","Feature Film","Leo McCarey","7.4","88","1939","comedy, drama, romance","2609","1939-03-16","http://www.imdb.com/title/tt0031593/"
"416","tt0031679","Fri Jul 27 14:32:47 2012","Fri Jul 27 14:32:47 2012","","Mr. Smith Goes to Washington","Feature Film","Frank Capra","8.3","129","1939","drama","62651","1939-10-17","http://www.imdb.com/title/tt0031679/"
"417","tt0031725","Fri Jul 27 14:32:54 2012","Fri Jul 27 14:32:54 2012","","Ninotchka","Feature Film","Ernst Lubitsch","8.0","110","1939","comedy, romance","12271","1939-10-06","http://www.imdb.com/title/tt0031725/"
"418","tt0031742","Fri Jul 27 14:33:07 2012","Fri Jul 27 14:33:07 2012","","Of Mice and Men","Feature Film","Lewis Milestone","7.7","106","1939","drama","3773","1939-12-24","http://www.imdb.com/title/tt0031742/"
"419","tt0031971","Fri Jul 27 14:33:15 2012","Fri Jul 27 14:33:15 2012","","Stagecoach","Feature Film","John Ford","7.9","96","1939","adventure, western","26043","1939-02-15","http://www.imdb.com/title/tt0031971/"
"420","tt0032138","Fri Jul 27 14:33:22 2012","Fri Jul 27 14:33:22 2012","","The Wizard of Oz","Feature Film","Victor Fleming","8.1","102","1939","adventure, family, fantasy, musical","228696","1939-08-12","http://www.imdb.com/title/tt0032138/"
"421","tt0032145","Fri Jul 27 14:33:28 2012","Fri Jul 27 14:33:28 2012","","Wuthering Heights","Feature Film","William Wyler","7.8","104","1939","drama, romance","11170","1939-03-24","http://www.imdb.com/title/tt0032145/"
